| niter |f evals|CG iter|  obj func   |tr radius |   opt    |  c viol  |
|-------|-------|-------|-------------|----------|----------|----------|
|   1   |  79   |   0   | -2.8600e+00 | 1.00e+00 | 7.62e-02 | 3.20e-01 |
|   2   |  158  |   1   | -1.0881e+00 | 7.00e+00 | 1.13e-01 | 4.20e-01 |
|   3   |  237  |   2   | +1.6019e+00 | 4.90e+01 | 5.95e-02 | 3.41e-01 |
|   4   |  316  |  12   | +1.6054e+00 | 4.90e+01 | 3.87e-02 | 2.38e-01 |
|   5   |  395  |  24   | +1.9524e+00 | 4.90e+01 | 4.01e-02 | 1.15e-01 |
|   6   |  474  |  42   | +2.0639e+00 | 4.90e+01 | 4.61e-02 | 6.45e-02 |
|   7   |  553  |  56   | +2.2606e+00 | 4.90e+01 | 4.24e-02 | 2.83e-02 |
|   8   |  632  |  91   | +2.1833e+00 | 9.68e+01 | 4.29e-02 | 1.91e-02 |
|   9   |  711  |  121  | +2.0856e+00 | 9.68e+01 | 4.07e-02 | 2.23e-02 |
|  10   |  790  |  158  | +1.7820e+00 | 9.68e+01 | 4.01e-02 | 4.89e-02 |
|  11   |  869  |  191  | +1.5716e+00 | 9.68e+01 | 4.51e-02 | 3.69e-02 |
|  12   |  948  |  233  | +1.4268e+00 | 9.68e+01 | 4.24e-02 | 3.13e-02 |
|  13   | 1027  |  264  | +1.4313e+00 | 9.68e+01 | 4.14e-02 | 2.09e-02 |
|  14   | 1106  |  306  | +1.4117e+00 | 9.68e+01 | 4.31e-02 | 2.69e-02 |
|  15   | 1185  |  351  | +1.4835e+00 | 9.68e+01 | 4.18e-02 | 6.37e-03 |
|  16   | 1264  |  395  | +1.4835e+00 | 4.84e+01 | 4.18e-02 | 6.37e-03 |
|  17   | 1343  |  434  | +1.4904e+00 | 4.84e+01 | 4.12e-02 | 2.27e-04 |
|  18   | 1422  |  472  | +1.4740e+00 | 4.84e+01 | 4.20e-02 | 3.67e-03 |
|  19   | 1501  |  527  | +1.5047e+00 | 4.84e+01 | 4.12e-02 | 2.44e-03 |
|  20   | 1580  |  559  | +1.5649e+00 | 4.84e+01 | 3.98e-02 | 0.00e+00 |
|  21   | 1659  |  605  | +1.5649e+00 | 2.42e+01 | 3.98e-02 | 0.00e+00 |
|  22   | 1738  |  634  | +1.5193e+00 | 2.42e+01 | 3.94e-02 | 2.08e-03 |
|  23   | 1817  |  662  | +1.5266e+00 | 4.84e+01 | 3.94e-02 | 0.00e+00 |
|  24   | 1896  |  697  | +1.5266e+00 | 2.42e+01 | 3.94e-02 | 0.00e+00 |
|  25   | 1975  |  725  | +1.5174e+00 | 2.42e+01 | 3.95e-02 | 0.00e+00 |
|  26   | 2054  |  760  | +1.5174e+00 | 1.21e+01 | 3.95e-02 | 0.00e+00 |
|  27   | 2133  |  789  | +1.4648e+00 | 1.21e+01 | 4.10e-02 | 6.93e-03 |
|  28   | 2212  |  811  | +1.4648e+00 | 6.05e+00 | 4.10e-02 | 6.93e-03 |
|  29   | 2291  |  829  | +1.4792e+00 | 6.05e+00 | 4.11e-02 | 0.00e+00 |
|  30   | 2370  |  844  | +1.5351e+00 | 1.21e+01 | 3.99e-02 | 0.00e+00 |
|  31   | 2449  |  866  | +1.5609e+00 | 2.42e+01 | 4.14e-02 | 0.00e+00 |
|  32   | 2528  |  893  | +1.6073e+00 | 2.42e+01 | 4.25e-02 | 0.00e+00 |
|  33   | 2607  |  904  | +1.6468e+00 | 2.42e+01 | 4.34e-02 | 0.00e+00 |
|  34   | 2686  |  914  | +1.6907e+00 | 2.42e+01 | 4.40e-02 | 0.00e+00 |
|  35   | 2765  |  924  | +1.7345e+00 | 2.42e+01 | 4.44e-02 | 0.00e+00 |
|  36   | 2844  |  933  | +1.7771e+00 | 2.42e+01 | 4.49e-02 | 0.00e+00 |
|  37   | 2923  |  941  | +1.8186e+00 | 2.42e+01 | 4.53e-02 | 0.00e+00 |
|  38   | 3002  |  948  | +1.8604e+00 | 2.42e+01 | 4.57e-02 | 0.00e+00 |
|  39   | 3081  |  955  | +1.9023e+00 | 2.42e+01 | 4.62e-02 | 0.00e+00 |
|  40   | 3160  |  962  | +1.9427e+00 | 2.42e+01 | 4.66e-02 | 0.00e+00 |
|  41   | 3239  |  969  | +1.9818e+00 | 2.42e+01 | 4.71e-02 | 0.00e+00 |
|  42   | 3318  |  976  | +2.0199e+00 | 2.42e+01 | 4.75e-02 | 0.00e+00 |
|  43   | 3397  |  983  | +2.0568e+00 | 2.42e+01 | 4.80e-02 | 0.00e+00 |
|  44   | 3476  |  990  | +2.0928e+00 | 2.42e+01 | 4.84e-02 | 0.00e+00 |
|  45   | 3555  |  997  | +2.1285e+00 | 2.42e+01 | 4.88e-02 | 0.00e+00 |
|  46   | 3634  | 1004  | +2.1636e+00 | 2.42e+01 | 4.92e-02 | 0.00e+00 |
|  47   | 3713  | 1011  | +2.1986e+00 | 2.42e+01 | 4.96e-02 | 0.00e+00 |
|  48   | 3792  | 1018  | +2.2340e+00 | 2.42e+01 | 5.00e-02 | 0.00e+00 |
|  49   | 3871  | 1025  | +2.2694e+00 | 2.42e+01 | 5.04e-02 | 0.00e+00 |
|  50   | 3950  | 1032  | +2.3046e+00 | 2.42e+01 | 5.08e-02 | 0.00e+00 |
|  51   | 4029  | 1039  | +2.3395e+00 | 2.42e+01 | 5.11e-02 | 0.00e+00 |
|  52   | 4108  | 1046  | +2.3741e+00 | 2.42e+01 | 5.15e-02 | 0.00e+00 |
|  53   | 4187  | 1053  | +2.4080e+00 | 2.42e+01 | 5.18e-02 | 0.00e+00 |
|  54   | 4266  | 1060  | +2.4415e+00 | 2.42e+01 | 5.21e-02 | 0.00e+00 |
|  55   | 4345  | 1067  | +2.4746e+00 | 2.42e+01 | 5.24e-02 | 0.00e+00 |
|  56   | 4424  | 1074  | +2.5070e+00 | 2.42e+01 | 5.27e-02 | 0.00e+00 |
|  57   | 4503  | 1081  | +2.5390e+00 | 2.42e+01 | 5.30e-02 | 0.00e+00 |
|  58   | 4582  | 1088  | +2.5705e+00 | 2.42e+01 | 5.33e-02 | 0.00e+00 |
|  59   | 4661  | 1095  | +2.6020e+00 | 2.42e+01 | 5.35e-02 | 0.00e+00 |
|  60   | 4740  | 1102  | +2.6330e+00 | 2.42e+01 | 5.38e-02 | 0.00e+00 |
|  61   | 4819  | 1109  | +2.6634e+00 | 2.42e+01 | 5.40e-02 | 0.00e+00 |
|  62   | 4898  | 1116  | +2.6938e+00 | 2.42e+01 | 5.43e-02 | 0.00e+00 |
|  63   | 4977  | 1124  | +2.7231e+00 | 2.42e+01 | 5.45e-02 | 0.00e+00 |
|  64   | 5056  | 1131  | +2.7525e+00 | 2.42e+01 | 5.47e-02 | 0.00e+00 |
|  65   | 5135  | 1138  | +2.7815e+00 | 2.42e+01 | 5.49e-02 | 0.00e+00 |
|  66   | 5214  | 1145  | +2.8101e+00 | 2.42e+01 | 5.51e-02 | 0.00e+00 |
|  67   | 5293  | 1153  | +2.8382e+00 | 2.42e+01 | 5.53e-02 | 0.00e+00 |
|  68   | 5372  | 1160  | +2.8663e+00 | 2.42e+01 | 5.55e-02 | 0.00e+00 |
|  69   | 5451  | 1166  | +2.8950e+00 | 2.42e+01 | 5.56e-02 | 0.00e+00 |
|  70   | 5530  | 1172  | +2.9247e+00 | 2.42e+01 | 5.57e-02 | 0.00e+00 |
|  71   | 5609  | 1178  | +2.9549e+00 | 2.42e+01 | 5.58e-02 | 0.00e+00 |
|  72   | 5688  | 1184  | +2.9847e+00 | 2.42e+01 | 5.59e-02 | 0.00e+00 |
|  73   | 5767  | 1190  | +3.0139e+00 | 2.42e+01 | 5.60e-02 | 0.00e+00 |
|  74   | 5846  | 1196  | +3.0426e+00 | 2.42e+01 | 5.62e-02 | 0.00e+00 |
|  75   | 5925  | 1202  | +3.0706e+00 | 2.42e+01 | 5.63e-02 | 0.00e+00 |
|  76   | 6004  | 1208  | +3.0981e+00 | 2.42e+01 | 5.64e-02 | 0.00e+00 |
|  77   | 6083  | 1214  | +3.1251e+00 | 2.42e+01 | 5.65e-02 | 0.00e+00 |
|  78   | 6162  | 1220  | +3.1517e+00 | 2.42e+01 | 5.66e-02 | 0.00e+00 |
|  79   | 6241  | 1227  | +3.1778e+00 | 2.42e+01 | 5.67e-02 | 0.00e+00 |
|  80   | 6320  | 1234  | +3.2037e+00 | 2.42e+01 | 5.69e-02 | 0.00e+00 |
|  81   | 6399  | 1241  | +3.2292e+00 | 2.42e+01 | 5.70e-02 | 0.00e+00 |
|  82   | 6478  | 1248  | +3.2543e+00 | 2.42e+01 | 5.71e-02 | 0.00e+00 |
|  83   | 6557  | 1255  | +3.2792e+00 | 2.42e+01 | 5.73e-02 | 0.00e+00 |
|  84   | 6636  | 1262  | +3.3038e+00 | 2.42e+01 | 5.74e-02 | 0.00e+00 |
|  85   | 6715  | 1269  | +3.3280e+00 | 2.42e+01 | 5.75e-02 | 0.00e+00 |
|  86   | 6794  | 1276  | +3.3521e+00 | 2.42e+01 | 5.77e-02 | 0.00e+00 |
|  87   | 6873  | 1283  | +3.3759e+00 | 2.42e+01 | 5.78e-02 | 0.00e+00 |
|  88   | 6952  | 1289  | +3.4000e+00 | 2.42e+01 | 5.79e-02 | 0.00e+00 |
|  89   | 7031  | 1295  | +3.4241e+00 | 2.42e+01 | 5.81e-02 | 0.00e+00 |
|  90   | 7110  | 1301  | +3.4478e+00 | 2.42e+01 | 5.82e-02 | 0.00e+00 |
|  91   | 7189  | 1307  | +3.4712e+00 | 2.42e+01 | 5.84e-02 | 0.00e+00 |
|  92   | 7268  | 1313  | +3.4944e+00 | 2.42e+01 | 5.85e-02 | 0.00e+00 |
|  93   | 7347  | 1319  | +3.5172e+00 | 2.42e+01 | 5.87e-02 | 0.00e+00 |
|  94   | 7426  | 1325  | +3.5399e+00 | 2.42e+01 | 5.89e-02 | 0.00e+00 |
|  95   | 7505  | 1331  | +3.5625e+00 | 2.42e+01 | 5.90e-02 | 0.00e+00 |
|  96   | 7584  | 1337  | +3.5849e+00 | 2.42e+01 | 5.92e-02 | 0.00e+00 |
|  97   | 7663  | 1343  | +3.6072e+00 | 2.42e+01 | 5.94e-02 | 0.00e+00 |
|  98   | 7742  | 1349  | +3.6293e+00 | 2.42e+01 | 5.96e-02 | 0.00e+00 |
|  99   | 7821  | 1355  | +3.6512e+00 | 2.42e+01 | 5.97e-02 | 0.00e+00 |
|  100  | 7900  | 1361  | +3.6730e+00 | 2.42e+01 | 5.99e-02 | 0.00e+00 |
|  101  | 7979  | 1367  | +3.6946e+00 | 2.42e+01 | 6.01e-02 | 0.00e+00 |
|  102  | 8058  | 1373  | +3.7160e+00 | 2.42e+01 | 6.03e-02 | 0.00e+00 |
|  103  | 8137  | 1379  | +3.7373e+00 | 2.42e+01 | 6.05e-02 | 0.00e+00 |
|  104  | 8216  | 1385  | +3.7583e+00 | 2.42e+01 | 6.07e-02 | 0.00e+00 |
|  105  | 8295  | 1391  | +3.7792e+00 | 2.42e+01 | 6.09e-02 | 0.00e+00 |
|  106  | 8374  | 1397  | +3.8000e+00 | 2.42e+01 | 6.11e-02 | 0.00e+00 |
|  107  | 8453  | 1403  | +3.8206e+00 | 2.42e+01 | 6.13e-02 | 0.00e+00 |
|  108  | 8532  | 1409  | +3.8411e+00 | 2.42e+01 | 6.15e-02 | 0.00e+00 |
|  109  | 8611  | 1415  | +3.8615e+00 | 2.42e+01 | 6.17e-02 | 0.00e+00 |
|  110  | 8690  | 1421  | +3.8817e+00 | 2.42e+01 | 6.19e-02 | 0.00e+00 |
|  111  | 8769  | 1427  | +3.9018e+00 | 2.42e+01 | 6.21e-02 | 0.00e+00 |
|  112  | 8848  | 1433  | +3.9218e+00 | 2.42e+01 | 6.23e-02 | 0.00e+00 |
|  113  | 8927  | 1439  | +3.9416e+00 | 2.42e+01 | 6.25e-02 | 0.00e+00 |
|  114  | 9006  | 1445  | +3.9613e+00 | 2.42e+01 | 6.27e-02 | 0.00e+00 |
|  115  | 9085  | 1451  | +3.9809e+00 | 2.42e+01 | 6.29e-02 | 0.00e+00 |
|  116  | 9164  | 1457  | +4.0002e+00 | 2.42e+01 | 6.31e-02 | 0.00e+00 |
|  117  | 9243  | 1463  | +4.0196e+00 | 2.42e+01 | 6.33e-02 | 0.00e+00 |
|  118  | 9322  | 1469  | +4.0388e+00 | 2.42e+01 | 6.35e-02 | 0.00e+00 |
|  119  | 9401  | 1475  | +4.0580e+00 | 2.42e+01 | 6.37e-02 | 0.00e+00 |
|  120  | 9480  | 1481  | +4.0771e+00 | 2.42e+01 | 6.39e-02 | 0.00e+00 |
|  121  | 9559  | 1487  | +4.0960e+00 | 2.42e+01 | 6.41e-02 | 0.00e+00 |
|  122  | 9638  | 1493  | +4.1149e+00 | 2.42e+01 | 6.43e-02 | 0.00e+00 |
|  123  | 9717  | 1499  | +4.1337e+00 | 2.42e+01 | 6.45e-02 | 0.00e+00 |
|  124  | 9796  | 1505  | +4.1524e+00 | 2.42e+01 | 6.47e-02 | 0.00e+00 |
|  125  | 9875  | 1511  | +4.1711e+00 | 2.42e+01 | 6.48e-02 | 0.00e+00 |
|  126  | 9954  | 1517  | +4.1897e+00 | 2.42e+01 | 6.50e-02 | 0.00e+00 |
|  127  | 10033 | 1523  | +4.2083e+00 | 2.42e+01 | 6.52e-02 | 0.00e+00 |
|  128  | 10112 | 1529  | +4.2268e+00 | 2.42e+01 | 6.54e-02 | 0.00e+00 |
|  129  | 10191 | 1535  | +4.2453e+00 | 2.42e+01 | 6.55e-02 | 0.00e+00 |
|  130  | 10270 | 1541  | +4.2638e+00 | 2.42e+01 | 6.57e-02 | 0.00e+00 |
|  131  | 10349 | 1547  | +4.2823e+00 | 2.42e+01 | 6.58e-02 | 0.00e+00 |
|  132  | 10428 | 1553  | +4.3008e+00 | 2.42e+01 | 6.60e-02 | 0.00e+00 |
|  133  | 10507 | 1559  | +4.3193e+00 | 2.42e+01 | 6.61e-02 | 0.00e+00 |
|  134  | 10586 | 1565  | +4.3379e+00 | 2.42e+01 | 6.63e-02 | 0.00e+00 |
|  135  | 10665 | 1571  | +4.3565e+00 | 2.42e+01 | 6.64e-02 | 0.00e+00 |
|  136  | 10744 | 1577  | +4.3751e+00 | 2.42e+01 | 6.65e-02 | 0.00e+00 |
|  137  | 10823 | 1583  | +4.3936e+00 | 2.42e+01 | 6.67e-02 | 0.00e+00 |
|  138  | 10902 | 1589  | +4.4122e+00 | 2.42e+01 | 6.68e-02 | 0.00e+00 |
|  139  | 10981 | 1595  | +4.4308e+00 | 2.42e+01 | 6.69e-02 | 0.00e+00 |
|  140  | 11060 | 1601  | +4.4494e+00 | 2.42e+01 | 6.70e-02 | 0.00e+00 |
|  141  | 11139 | 1607  | +4.4679e+00 | 2.42e+01 | 6.71e-02 | 0.00e+00 |
|  142  | 11218 | 1613  | +4.4865e+00 | 2.42e+01 | 6.72e-02 | 0.00e+00 |
|  143  | 11297 | 1619  | +4.5051e+00 | 2.42e+01 | 6.73e-02 | 0.00e+00 |
|  144  | 11376 | 1625  | +4.5237e+00 | 2.42e+01 | 6.75e-02 | 0.00e+00 |
|  145  | 11455 | 1631  | +4.5424e+00 | 2.42e+01 | 6.76e-02 | 0.00e+00 |
|  146  | 11534 | 1637  | +4.5610e+00 | 2.42e+01 | 6.77e-02 | 0.00e+00 |
|  147  | 11613 | 1643  | +4.5796e+00 | 2.42e+01 | 6.78e-02 | 0.00e+00 |
|  148  | 11692 | 1649  | +4.5982e+00 | 2.42e+01 | 6.79e-02 | 0.00e+00 |
|  149  | 11771 | 1655  | +4.6168e+00 | 2.42e+01 | 6.80e-02 | 0.00e+00 |
|  150  | 11850 | 1662  | +4.6358e+00 | 2.42e+01 | 6.81e-02 | 0.00e+00 |
|  151  | 11929 | 1669  | +4.6549e+00 | 2.42e+01 | 6.82e-02 | 0.00e+00 |
|  152  | 12008 | 1676  | +4.6739e+00 | 2.42e+01 | 6.84e-02 | 0.00e+00 |
|  153  | 12087 | 1683  | +4.6930e+00 | 2.42e+01 | 6.85e-02 | 0.00e+00 |
|  154  | 12166 | 1690  | +4.7121e+00 | 2.42e+01 | 6.87e-02 | 0.00e+00 |
|  155  | 12245 | 1697  | +4.7310e+00 | 2.42e+01 | 6.90e-02 | 0.00e+00 |
|  156  | 12324 | 1704  | +4.7499e+00 | 2.42e+01 | 6.92e-02 | 0.00e+00 |
|  157  | 12403 | 1711  | +4.7689e+00 | 2.42e+01 | 6.94e-02 | 0.00e+00 |
|  158  | 12482 | 1718  | +4.7878e+00 | 2.42e+01 | 6.97e-02 | 0.00e+00 |
|  159  | 12561 | 1725  | +4.8066e+00 | 2.42e+01 | 6.99e-02 | 0.00e+00 |
|  160  | 12640 | 1732  | +4.8254e+00 | 2.42e+01 | 7.02e-02 | 0.00e+00 |
|  161  | 12719 | 1739  | +4.8441e+00 | 2.42e+01 | 7.04e-02 | 0.00e+00 |
|  162  | 12798 | 1746  | +4.8627e+00 | 2.42e+01 | 7.07e-02 | 0.00e+00 |
|  163  | 12877 | 1753  | +4.8812e+00 | 2.42e+01 | 7.09e-02 | 0.00e+00 |
|  164  | 12956 | 1760  | +4.8997e+00 | 2.42e+01 | 7.12e-02 | 0.00e+00 |
|  165  | 13035 | 1767  | +4.9181e+00 | 2.42e+01 | 7.14e-02 | 0.00e+00 |
|  166  | 13114 | 1774  | +4.9365e+00 | 2.42e+01 | 7.16e-02 | 0.00e+00 |
|  167  | 13193 | 1781  | +4.9548e+00 | 2.42e+01 | 7.19e-02 | 0.00e+00 |
|  168  | 13272 | 1788  | +4.9731e+00 | 2.42e+01 | 7.21e-02 | 0.00e+00 |
|  169  | 13351 | 1795  | +4.9912e+00 | 2.42e+01 | 7.23e-02 | 0.00e+00 |
|  170  | 13430 | 1802  | +5.0092e+00 | 2.42e+01 | 7.25e-02 | 0.00e+00 |
|  171  | 13509 | 1809  | +5.0272e+00 | 2.42e+01 | 7.27e-02 | 0.00e+00 |
|  172  | 13588 | 1816  | +5.0453e+00 | 2.42e+01 | 7.30e-02 | 0.00e+00 |
|  173  | 13667 | 1823  | +5.0633e+00 | 2.42e+01 | 7.32e-02 | 0.00e+00 |
|  174  | 13746 | 1830  | +5.0813e+00 | 2.42e+01 | 7.33e-02 | 0.00e+00 |
|  175  | 13825 | 1837  | +5.0993e+00 | 2.42e+01 | 7.35e-02 | 0.00e+00 |
|  176  | 13904 | 1844  | +5.1172e+00 | 2.42e+01 | 7.37e-02 | 0.00e+00 |
|  177  | 13983 | 1851  | +5.1351e+00 | 2.42e+01 | 7.39e-02 | 0.00e+00 |
|  178  | 14062 | 1858  | +5.1525e+00 | 2.42e+01 | 7.41e-02 | 0.00e+00 |
|  179  | 14141 | 1866  | +5.1752e+00 | 2.42e+01 | 7.43e-02 | 0.00e+00 |
|  180  | 14220 | 1874  | +5.1990e+00 | 2.42e+01 | 7.45e-02 | 0.00e+00 |
|  181  | 14299 | 1881  | +5.2230e+00 | 2.42e+01 | 7.46e-02 | 0.00e+00 |
|  182  | 14378 | 1887  | +5.2472e+00 | 2.42e+01 | 7.48e-02 | 0.00e+00 |
|  183  | 14457 | 1892  | +5.2727e+00 | 2.42e+01 | 7.49e-02 | 0.00e+00 |
|  184  | 14536 | 1897  | +5.2990e+00 | 2.42e+01 | 7.50e-02 | 0.00e+00 |
|  185  | 14615 | 1902  | +5.3252e+00 | 2.42e+01 | 7.50e-02 | 0.00e+00 |
|  186  | 14694 | 1907  | +5.3512e+00 | 2.42e+01 | 7.51e-02 | 0.00e+00 |
|  187  | 14773 | 1912  | +5.3770e+00 | 2.42e+01 | 7.52e-02 | 0.00e+00 |
|  188  | 14852 | 1917  | +5.4025e+00 | 2.42e+01 | 7.53e-02 | 0.00e+00 |
|  189  | 14931 | 1922  | +5.4278e+00 | 2.42e+01 | 7.53e-02 | 0.00e+00 |
|  190  | 15010 | 1927  | +5.4529e+00 | 2.42e+01 | 7.54e-02 | 0.00e+00 |
|  191  | 15089 | 1932  | +5.4778e+00 | 2.42e+01 | 7.55e-02 | 0.00e+00 |
|  192  | 15168 | 1937  | +5.5025e+00 | 2.42e+01 | 7.56e-02 | 0.00e+00 |
|  193  | 15247 | 1942  | +5.5270e+00 | 2.42e+01 | 7.56e-02 | 0.00e+00 |
|  194  | 15326 | 1947  | +5.5513e+00 | 2.42e+01 | 7.57e-02 | 0.00e+00 |
|  195  | 15405 | 1952  | +5.5755e+00 | 2.42e+01 | 7.58e-02 | 0.00e+00 |
|  196  | 15484 | 1957  | +5.5995e+00 | 2.42e+01 | 7.58e-02 | 0.00e+00 |
|  197  | 15563 | 1962  | +5.6233e+00 | 2.42e+01 | 7.59e-02 | 0.00e+00 |
|  198  | 15642 | 1967  | +5.6470e+00 | 2.42e+01 | 7.60e-02 | 0.00e+00 |
|  199  | 15721 | 1972  | +5.6705e+00 | 2.42e+01 | 7.60e-02 | 0.00e+00 |
|  200  | 15800 | 1977  | +5.6938e+00 | 2.42e+01 | 7.61e-02 | 0.00e+00 |
|  201  | 15879 | 1982  | +5.7170e+00 | 2.42e+01 | 7.62e-02 | 0.00e+00 |
|  202  | 15958 | 1987  | +5.7401e+00 | 2.42e+01 | 7.63e-02 | 0.00e+00 |
|  203  | 16037 | 1992  | +5.7630e+00 | 2.42e+01 | 7.63e-02 | 0.00e+00 |
|  204  | 16116 | 1997  | +5.7858e+00 | 2.42e+01 | 7.64e-02 | 0.00e+00 |
|  205  | 16195 | 2002  | +5.8085e+00 | 2.42e+01 | 7.65e-02 | 0.00e+00 |
|  206  | 16274 | 2007  | +5.8311e+00 | 2.42e+01 | 7.65e-02 | 0.00e+00 |
|  207  | 16353 | 2012  | +5.8536e+00 | 2.42e+01 | 7.66e-02 | 0.00e+00 |
|  208  | 16432 | 2017  | +5.8759e+00 | 2.42e+01 | 7.67e-02 | 0.00e+00 |
|  209  | 16511 | 2022  | +5.8983e+00 | 2.42e+01 | 7.67e-02 | 0.00e+00 |
|  210  | 16590 | 2027  | +5.9205e+00 | 2.42e+01 | 7.68e-02 | 0.00e+00 |
|  211  | 16669 | 2032  | +5.9426e+00 | 2.42e+01 | 7.68e-02 | 0.00e+00 |
|  212  | 16748 | 2037  | +5.9646e+00 | 2.42e+01 | 7.69e-02 | 0.00e+00 |
|  213  | 16827 | 2042  | +5.9865e+00 | 2.42e+01 | 7.70e-02 | 0.00e+00 |
|  214  | 16906 | 2047  | +6.0083e+00 | 2.42e+01 | 7.70e-02 | 0.00e+00 |
|  215  | 16985 | 2052  | +6.0300e+00 | 2.42e+01 | 7.71e-02 | 0.00e+00 |
|  216  | 17064 | 2057  | +6.0516e+00 | 2.42e+01 | 7.72e-02 | 0.00e+00 |
|  217  | 17143 | 2062  | +6.0732e+00 | 2.42e+01 | 7.73e-02 | 0.00e+00 |
|  218  | 17222 | 2067  | +6.0946e+00 | 2.42e+01 | 7.74e-02 | 0.00e+00 |
|  219  | 17301 | 2072  | +6.1160e+00 | 2.42e+01 | 7.74e-02 | 0.00e+00 |
|  220  | 17380 | 2077  | +6.1372e+00 | 2.42e+01 | 7.75e-02 | 0.00e+00 |
|  221  | 17459 | 2082  | +6.1584e+00 | 2.42e+01 | 7.76e-02 | 0.00e+00 |
|  222  | 17538 | 2087  | +6.1794e+00 | 2.42e+01 | 7.77e-02 | 0.00e+00 |
|  223  | 17617 | 2092  | +6.2004e+00 | 2.42e+01 | 7.78e-02 | 0.00e+00 |
|  224  | 17696 | 2097  | +6.2213e+00 | 2.42e+01 | 7.79e-02 | 0.00e+00 |
|  225  | 17775 | 2102  | +6.2421e+00 | 2.42e+01 | 7.80e-02 | 0.00e+00 |
|  226  | 17854 | 2107  | +6.2628e+00 | 2.42e+01 | 7.81e-02 | 0.00e+00 |
|  227  | 17933 | 2112  | +6.2834e+00 | 2.42e+01 | 7.82e-02 | 0.00e+00 |
|  228  | 18012 | 2117  | +6.3040e+00 | 2.42e+01 | 7.82e-02 | 0.00e+00 |
|  229  | 18091 | 2122  | +6.3245e+00 | 2.42e+01 | 7.83e-02 | 0.00e+00 |
|  230  | 18170 | 2127  | +6.3449e+00 | 2.42e+01 | 7.84e-02 | 0.00e+00 |
|  231  | 18249 | 2132  | +6.3652e+00 | 2.42e+01 | 7.85e-02 | 0.00e+00 |
|  232  | 18328 | 2137  | +6.3854e+00 | 2.42e+01 | 7.86e-02 | 0.00e+00 |
|  233  | 18407 | 2142  | +6.4056e+00 | 2.42e+01 | 7.86e-02 | 0.00e+00 |
|  234  | 18486 | 2147  | +6.4257e+00 | 2.42e+01 | 7.87e-02 | 0.00e+00 |
|  235  | 18565 | 2152  | +6.4457e+00 | 2.42e+01 | 7.88e-02 | 0.00e+00 |
|  236  | 18644 | 2157  | +6.4657e+00 | 2.42e+01 | 7.89e-02 | 0.00e+00 |
|  237  | 18723 | 2162  | +6.4855e+00 | 2.42e+01 | 7.90e-02 | 0.00e+00 |
|  238  | 18802 | 2167  | +6.5053e+00 | 2.42e+01 | 7.90e-02 | 0.00e+00 |
|  239  | 18881 | 2172  | +6.5251e+00 | 2.42e+01 | 7.91e-02 | 0.00e+00 |
|  240  | 18960 | 2177  | +6.5448e+00 | 2.42e+01 | 7.92e-02 | 0.00e+00 |
|  241  | 19039 | 2182  | +6.5644e+00 | 2.42e+01 | 7.92e-02 | 0.00e+00 |
|  242  | 19118 | 2187  | +6.5839e+00 | 2.42e+01 | 7.93e-02 | 0.00e+00 |
|  243  | 19197 | 2192  | +6.6034e+00 | 2.42e+01 | 7.94e-02 | 0.00e+00 |
|  244  | 19276 | 2197  | +6.6228e+00 | 2.42e+01 | 7.95e-02 | 0.00e+00 |
|  245  | 19355 | 2201  | +6.6429e+00 | 2.42e+01 | 7.95e-02 | 0.00e+00 |
|  246  | 19434 | 2205  | +6.6630e+00 | 2.42e+01 | 7.96e-02 | 0.00e+00 |
|  247  | 19513 | 2209  | +6.6830e+00 | 2.42e+01 | 7.96e-02 | 0.00e+00 |
|  248  | 19592 | 2213  | +6.7029e+00 | 2.42e+01 | 7.97e-02 | 0.00e+00 |
|  249  | 19671 | 2217  | +6.7227e+00 | 2.42e+01 | 7.97e-02 | 0.00e+00 |
|  250  | 19750 | 2221  | +6.7425e+00 | 2.42e+01 | 7.98e-02 | 0.00e+00 |
|  251  | 19829 | 2225  | +6.7621e+00 | 2.42e+01 | 7.98e-02 | 0.00e+00 |
|  252  | 19908 | 2229  | +6.7817e+00 | 2.42e+01 | 7.99e-02 | 0.00e+00 |
|  253  | 19987 | 2233  | +6.8011e+00 | 2.42e+01 | 7.99e-02 | 0.00e+00 |
|  254  | 20066 | 2237  | +6.8205e+00 | 2.42e+01 | 7.99e-02 | 0.00e+00 |
|  255  | 20145 | 2241  | +6.8397e+00 | 2.42e+01 | 8.00e-02 | 0.00e+00 |
|  256  | 20224 | 2245  | +6.8589e+00 | 2.42e+01 | 8.00e-02 | 0.00e+00 |
|  257  | 20303 | 2249  | +6.8780e+00 | 2.42e+01 | 8.01e-02 | 0.00e+00 |
|  258  | 20382 | 2253  | +6.8970e+00 | 2.42e+01 | 8.01e-02 | 0.00e+00 |
|  259  | 20461 | 2257  | +6.9159e+00 | 2.42e+01 | 8.02e-02 | 0.00e+00 |
|  260  | 20540 | 2261  | +6.9348e+00 | 2.42e+01 | 8.02e-02 | 0.00e+00 |
|  261  | 20619 | 2265  | +6.9535e+00 | 2.42e+01 | 8.03e-02 | 0.00e+00 |
|  262  | 20698 | 2269  | +6.9722e+00 | 2.42e+01 | 8.03e-02 | 0.00e+00 |
|  263  | 20777 | 2273  | +6.9908e+00 | 2.42e+01 | 8.04e-02 | 0.00e+00 |
|  264  | 20856 | 2277  | +7.0094e+00 | 2.42e+01 | 8.04e-02 | 0.00e+00 |
|  265  | 20935 | 2281  | +7.0279e+00 | 2.42e+01 | 8.05e-02 | 0.00e+00 |
|  266  | 21014 | 2285  | +7.0463e+00 | 2.42e+01 | 8.05e-02 | 0.00e+00 |
|  267  | 21093 | 2289  | +7.0646e+00 | 2.42e+01 | 8.06e-02 | 0.00e+00 |
|  268  | 21172 | 2293  | +7.0829e+00 | 2.42e+01 | 8.06e-02 | 0.00e+00 |
|  269  | 21251 | 2297  | +7.1011e+00 | 2.42e+01 | 8.07e-02 | 0.00e+00 |
|  270  | 21330 | 2301  | +7.1192e+00 | 2.42e+01 | 8.07e-02 | 0.00e+00 |
|  271  | 21409 | 2305  | +7.1373e+00 | 2.42e+01 | 8.07e-02 | 0.00e+00 |
|  272  | 21488 | 2309  | +7.1553e+00 | 2.42e+01 | 8.08e-02 | 0.00e+00 |
|  273  | 21567 | 2313  | +7.1732e+00 | 2.42e+01 | 8.08e-02 | 0.00e+00 |
|  274  | 21646 | 2317  | +7.1911e+00 | 2.42e+01 | 8.09e-02 | 0.00e+00 |
|  275  | 21725 | 2321  | +7.2090e+00 | 2.42e+01 | 8.09e-02 | 0.00e+00 |
|  276  | 21804 | 2325  | +7.2268e+00 | 2.42e+01 | 8.10e-02 | 0.00e+00 |
|  277  | 21883 | 2329  | +7.2445e+00 | 2.42e+01 | 8.10e-02 | 0.00e+00 |
|  278  | 21962 | 2333  | +7.2622e+00 | 2.42e+01 | 8.10e-02 | 0.00e+00 |
|  279  | 22041 | 2337  | +7.2798e+00 | 2.42e+01 | 8.11e-02 | 0.00e+00 |
|  280  | 22120 | 2341  | +7.2974e+00 | 2.42e+01 | 8.11e-02 | 0.00e+00 |
|  281  | 22199 | 2345  | +7.3150e+00 | 2.42e+01 | 8.12e-02 | 0.00e+00 |
|  282  | 22278 | 2349  | +7.3325e+00 | 2.42e+01 | 8.12e-02 | 0.00e+00 |
|  283  | 22357 | 2353  | +7.3499e+00 | 2.42e+01 | 8.12e-02 | 0.00e+00 |
|  284  | 22436 | 2357  | +7.3673e+00 | 2.42e+01 | 8.13e-02 | 0.00e+00 |
|  285  | 22515 | 2361  | +7.3847e+00 | 2.42e+01 | 8.13e-02 | 0.00e+00 |
|  286  | 22594 | 2365  | +7.4020e+00 | 2.42e+01 | 8.14e-02 | 0.00e+00 |
|  287  | 22673 | 2369  | +7.4192e+00 | 2.42e+01 | 8.14e-02 | 0.00e+00 |
|  288  | 22752 | 2373  | +7.4364e+00 | 2.42e+01 | 8.14e-02 | 0.00e+00 |
|  289  | 22831 | 2377  | +7.4536e+00 | 2.42e+01 | 8.15e-02 | 0.00e+00 |
|  290  | 22910 | 2381  | +7.4707e+00 | 2.42e+01 | 8.15e-02 | 0.00e+00 |
|  291  | 22989 | 2385  | +7.4878e+00 | 2.42e+01 | 8.15e-02 | 0.00e+00 |
|  292  | 23068 | 2389  | +7.5048e+00 | 2.42e+01 | 8.16e-02 | 0.00e+00 |
|  293  | 23147 | 2393  | +7.5218e+00 | 2.42e+01 | 8.16e-02 | 0.00e+00 |
|  294  | 23226 | 2397  | +7.5388e+00 | 2.42e+01 | 8.16e-02 | 0.00e+00 |
|  295  | 23305 | 2401  | +7.5557e+00 | 2.42e+01 | 8.17e-02 | 0.00e+00 |
|  296  | 23384 | 2405  | +7.5725e+00 | 2.42e+01 | 8.17e-02 | 0.00e+00 |
|  297  | 23463 | 2409  | +7.5894e+00 | 2.42e+01 | 8.17e-02 | 0.00e+00 |
|  298  | 23542 | 2413  | +7.6061e+00 | 2.42e+01 | 8.18e-02 | 0.00e+00 |
|  299  | 23621 | 2417  | +7.6229e+00 | 2.42e+01 | 8.18e-02 | 0.00e+00 |
|  300  | 23700 | 2421  | +7.6396e+00 | 2.42e+01 | 8.18e-02 | 0.00e+00 |
|  301  | 23779 | 2425  | +7.6562e+00 | 2.42e+01 | 8.19e-02 | 0.00e+00 |
|  302  | 23858 | 2429  | +7.6729e+00 | 2.42e+01 | 8.19e-02 | 0.00e+00 |
|  303  | 23937 | 2432  | +7.6908e+00 | 2.42e+01 | 8.19e-02 | 0.00e+00 |
|  304  | 24016 | 2435  | +7.7094e+00 | 2.42e+01 | 8.19e-02 | 0.00e+00 |
|  305  | 24095 | 2439  | +7.7281e+00 | 2.42e+01 | 8.19e-02 | 0.00e+00 |
|  306  | 24174 | 2442  | +7.7471e+00 | 2.42e+01 | 8.19e-02 | 0.00e+00 |
|  307  | 24253 | 2447  | +7.7702e+00 | 2.42e+01 | 8.19e-02 | 0.00e+00 |
|  308  | 24332 | 2452  | +7.7931e+00 | 2.42e+01 | 8.19e-02 | 0.00e+00 |
|  309  | 24411 | 2457  | +7.8160e+00 | 2.42e+01 | 8.19e-02 | 0.00e+00 |
|  310  | 24490 | 2462  | +7.8387e+00 | 2.42e+01 | 8.20e-02 | 0.00e+00 |
|  311  | 24569 | 2467  | +7.8614e+00 | 2.42e+01 | 8.20e-02 | 0.00e+00 |
|  312  | 24648 | 2472  | +7.8840e+00 | 2.42e+01 | 8.20e-02 | 0.00e+00 |
|  313  | 24727 | 2477  | +7.9069e+00 | 2.42e+01 | 8.20e-02 | 0.00e+00 |
|  314  | 24806 | 2482  | +7.9298e+00 | 2.42e+01 | 8.20e-02 | 0.00e+00 |
|  315  | 24885 | 2487  | +7.9525e+00 | 2.42e+01 | 8.20e-02 | 0.00e+00 |
|  316  | 24964 | 2492  | +7.9750e+00 | 2.42e+01 | 8.20e-02 | 0.00e+00 |
|  317  | 25043 | 2497  | +7.9975e+00 | 2.42e+01 | 8.21e-02 | 0.00e+00 |
|  318  | 25122 | 2502  | +8.0198e+00 | 2.42e+01 | 8.21e-02 | 0.00e+00 |
|  319  | 25201 | 2507  | +8.0421e+00 | 2.42e+01 | 8.21e-02 | 0.00e+00 |
|  320  | 25280 | 2512  | +8.0642e+00 | 2.42e+01 | 8.21e-02 | 0.00e+00 |
|  321  | 25359 | 2517  | +8.0863e+00 | 2.42e+01 | 8.21e-02 | 0.00e+00 |
|  322  | 25438 | 2522  | +8.1084e+00 | 2.42e+01 | 8.21e-02 | 0.00e+00 |
|  323  | 25517 | 2527  | +8.1304e+00 | 2.42e+01 | 8.21e-02 | 0.00e+00 |
|  324  | 25596 | 2532  | +8.1523e+00 | 2.42e+01 | 8.22e-02 | 0.00e+00 |
|  325  | 25675 | 2537  | +8.1742e+00 | 2.42e+01 | 8.22e-02 | 0.00e+00 |
|  326  | 25754 | 2542  | +8.1959e+00 | 2.42e+01 | 8.22e-02 | 0.00e+00 |
|  327  | 25833 | 2547  | +8.2176e+00 | 2.42e+01 | 8.22e-02 | 0.00e+00 |
|  328  | 25912 | 2552  | +8.2392e+00 | 2.42e+01 | 8.22e-02 | 0.00e+00 |
|  329  | 25991 | 2557  | +8.2607e+00 | 2.42e+01 | 8.22e-02 | 0.00e+00 |
|  330  | 26070 | 2562  | +8.2821e+00 | 2.42e+01 | 8.22e-02 | 0.00e+00 |
|  331  | 26149 | 2567  | +8.3034e+00 | 2.42e+01 | 8.23e-02 | 0.00e+00 |
|  332  | 26228 | 2572  | +8.3246e+00 | 2.42e+01 | 8.23e-02 | 0.00e+00 |
|  333  | 26307 | 2577  | +8.3458e+00 | 2.42e+01 | 8.23e-02 | 0.00e+00 |
|  334  | 26386 | 2582  | +8.3669e+00 | 2.42e+01 | 8.23e-02 | 0.00e+00 |
|  335  | 26465 | 2587  | +8.3879e+00 | 2.42e+01 | 8.23e-02 | 0.00e+00 |
|  336  | 26544 | 2592  | +8.4088e+00 | 2.42e+01 | 8.23e-02 | 0.00e+00 |
|  337  | 26623 | 2597  | +8.4297e+00 | 2.42e+01 | 8.23e-02 | 0.00e+00 |
|  338  | 26702 | 2602  | +8.4505e+00 | 2.42e+01 | 8.24e-02 | 0.00e+00 |
|  339  | 26781 | 2607  | +8.4712e+00 | 2.42e+01 | 8.24e-02 | 0.00e+00 |
|  340  | 26860 | 2612  | +8.4919e+00 | 2.42e+01 | 8.24e-02 | 0.00e+00 |
|  341  | 26939 | 2617  | +8.5124e+00 | 2.42e+01 | 8.24e-02 | 0.00e+00 |
|  342  | 27018 | 2622  | +8.5330e+00 | 2.42e+01 | 8.24e-02 | 0.00e+00 |
|  343  | 27097 | 2627  | +8.5534e+00 | 2.42e+01 | 8.24e-02 | 0.00e+00 |
|  344  | 27176 | 2632  | +8.5738e+00 | 2.42e+01 | 8.24e-02 | 0.00e+00 |
|  345  | 27255 | 2637  | +8.5941e+00 | 2.42e+01 | 8.24e-02 | 0.00e+00 |
|  346  | 27334 | 2642  | +8.6144e+00 | 2.42e+01 | 8.25e-02 | 0.00e+00 |
|  347  | 27413 | 2647  | +8.6346e+00 | 2.42e+01 | 8.25e-02 | 0.00e+00 |
|  348  | 27492 | 2652  | +8.6547e+00 | 2.42e+01 | 8.25e-02 | 0.00e+00 |
|  349  | 27571 | 2657  | +8.6748e+00 | 2.42e+01 | 8.25e-02 | 0.00e+00 |
|  350  | 27650 | 2662  | +8.6948e+00 | 2.42e+01 | 8.25e-02 | 0.00e+00 |
|  351  | 27729 | 2667  | +8.7148e+00 | 2.42e+01 | 8.25e-02 | 0.00e+00 |
|  352  | 27808 | 2673  | +8.7345e+00 | 2.42e+01 | 8.25e-02 | 0.00e+00 |
|  353  | 27887 | 2678  | +8.7545e+00 | 2.42e+01 | 8.25e-02 | 0.00e+00 |
|  354  | 27966 | 2683  | +8.7743e+00 | 2.42e+01 | 8.25e-02 | 0.00e+00 |
|  355  | 28045 | 2688  | +8.7940e+00 | 2.42e+01 | 8.25e-02 | 0.00e+00 |
|  356  | 28124 | 2693  | +8.8137e+00 | 2.42e+01 | 8.25e-02 | 0.00e+00 |
|  357  | 28203 | 2698  | +8.8333e+00 | 2.42e+01 | 8.26e-02 | 0.00e+00 |
|  358  | 28282 | 2703  | +8.8529e+00 | 2.42e+01 | 8.26e-02 | 0.00e+00 |
|  359  | 28361 | 2708  | +8.8725e+00 | 2.42e+01 | 8.26e-02 | 0.00e+00 |
|  360  | 28440 | 2713  | +8.8919e+00 | 2.42e+01 | 8.26e-02 | 0.00e+00 |
|  361  | 28519 | 2718  | +8.9113e+00 | 2.42e+01 | 8.26e-02 | 0.00e+00 |
|  362  | 28598 | 2723  | +8.9307e+00 | 2.42e+01 | 8.26e-02 | 0.00e+00 |
|  363  | 28677 | 2728  | +8.9500e+00 | 2.42e+01 | 8.26e-02 | 0.00e+00 |
|  364  | 28756 | 2733  | +8.9693e+00 | 2.42e+01 | 8.26e-02 | 0.00e+00 |
|  365  | 28835 | 2738  | +8.9885e+00 | 2.42e+01 | 8.26e-02 | 0.00e+00 |
|  366  | 28914 | 2743  | +9.0077e+00 | 2.42e+01 | 8.27e-02 | 0.00e+00 |
|  367  | 28993 | 2748  | +9.0268e+00 | 2.42e+01 | 8.27e-02 | 0.00e+00 |
|  368  | 29072 | 2753  | +9.0459e+00 | 2.42e+01 | 8.27e-02 | 0.00e+00 |
|  369  | 29151 | 2758  | +9.0649e+00 | 2.42e+01 | 8.28e-02 | 0.00e+00 |
|  370  | 29230 | 2763  | +9.0840e+00 | 2.42e+01 | 8.28e-02 | 0.00e+00 |
|  371  | 29309 | 2768  | +9.1029e+00 | 2.42e+01 | 8.28e-02 | 0.00e+00 |
|  372  | 29388 | 2773  | +9.1218e+00 | 2.42e+01 | 8.29e-02 | 0.00e+00 |
|  373  | 29467 | 2778  | +9.1407e+00 | 2.42e+01 | 8.29e-02 | 0.00e+00 |
|  374  | 29546 | 2783  | +9.1595e+00 | 2.42e+01 | 8.29e-02 | 0.00e+00 |
|  375  | 29625 | 2788  | +9.1782e+00 | 2.42e+01 | 8.30e-02 | 0.00e+00 |
|  376  | 29704 | 2793  | +9.1969e+00 | 2.42e+01 | 8.30e-02 | 0.00e+00 |
|  377  | 29783 | 2798  | +9.2156e+00 | 2.42e+01 | 8.30e-02 | 0.00e+00 |
|  378  | 29862 | 2803  | +9.2342e+00 | 2.42e+01 | 8.31e-02 | 0.00e+00 |
|  379  | 29941 | 2808  | +9.2528e+00 | 2.42e+01 | 8.31e-02 | 0.00e+00 |
|  380  | 30020 | 2813  | +9.2713e+00 | 2.42e+01 | 8.31e-02 | 0.00e+00 |
|  381  | 30099 | 2818  | +9.2898e+00 | 2.42e+01 | 8.32e-02 | 0.00e+00 |
|  382  | 30178 | 2823  | +9.3082e+00 | 2.42e+01 | 8.32e-02 | 0.00e+00 |
|  383  | 30257 | 2828  | +9.3266e+00 | 2.42e+01 | 8.32e-02 | 0.00e+00 |
|  384  | 30336 | 2833  | +9.3450e+00 | 2.42e+01 | 8.32e-02 | 0.00e+00 |
|  385  | 30415 | 2838  | +9.3633e+00 | 2.42e+01 | 8.33e-02 | 0.00e+00 |
|  386  | 30494 | 2843  | +9.3815e+00 | 2.42e+01 | 8.33e-02 | 0.00e+00 |
|  387  | 30573 | 2848  | +9.3998e+00 | 2.42e+01 | 8.33e-02 | 0.00e+00 |
|  388  | 30652 | 2853  | +9.4179e+00 | 2.42e+01 | 8.33e-02 | 0.00e+00 |
|  389  | 30731 | 2858  | +9.4361e+00 | 2.42e+01 | 8.34e-02 | 0.00e+00 |
|  390  | 30810 | 2863  | +9.4542e+00 | 2.42e+01 | 8.34e-02 | 0.00e+00 |
|  391  | 30889 | 2868  | +9.4723e+00 | 2.42e+01 | 8.34e-02 | 0.00e+00 |
|  392  | 30968 | 2873  | +9.4903e+00 | 2.42e+01 | 8.34e-02 | 0.00e+00 |
|  393  | 31047 | 2878  | +9.5083e+00 | 2.42e+01 | 8.34e-02 | 0.00e+00 |
|  394  | 31126 | 2883  | +9.5263e+00 | 2.42e+01 | 8.35e-02 | 0.00e+00 |
|  395  | 31205 | 2888  | +9.5442e+00 | 2.42e+01 | 8.35e-02 | 0.00e+00 |
|  396  | 31284 | 2893  | +9.5621e+00 | 2.42e+01 | 8.35e-02 | 0.00e+00 |
|  397  | 31363 | 2898  | +9.5800e+00 | 2.42e+01 | 8.35e-02 | 0.00e+00 |
|  398  | 31442 | 2903  | +9.5979e+00 | 2.42e+01 | 8.35e-02 | 0.00e+00 |
|  399  | 31521 | 2908  | +9.6157e+00 | 2.42e+01 | 8.36e-02 | 0.00e+00 |
|  400  | 31600 | 2913  | +9.6334e+00 | 2.42e+01 | 8.36e-02 | 0.00e+00 |
|  401  | 31679 | 2918  | +9.6512e+00 | 2.42e+01 | 8.36e-02 | 0.00e+00 |
|  402  | 31758 | 2923  | +9.6689e+00 | 2.42e+01 | 8.36e-02 | 0.00e+00 |
|  403  | 31837 | 2928  | +9.6865e+00 | 2.42e+01 | 8.36e-02 | 0.00e+00 |
|  404  | 31916 | 2933  | +9.7041e+00 | 2.42e+01 | 8.36e-02 | 0.00e+00 |
|  405  | 31995 | 2938  | +9.7217e+00 | 2.42e+01 | 8.36e-02 | 0.00e+00 |
|  406  | 32074 | 2943  | +9.7393e+00 | 2.42e+01 | 8.37e-02 | 0.00e+00 |
|  407  | 32153 | 2948  | +9.7568e+00 | 2.42e+01 | 8.37e-02 | 0.00e+00 |
|  408  | 32232 | 2953  | +9.7742e+00 | 2.42e+01 | 8.37e-02 | 0.00e+00 |
|  409  | 32311 | 2958  | +9.7917e+00 | 2.42e+01 | 8.37e-02 | 0.00e+00 |
|  410  | 32390 | 2963  | +9.8090e+00 | 2.42e+01 | 8.37e-02 | 0.00e+00 |
|  411  | 32469 | 2968  | +9.8264e+00 | 2.42e+01 | 8.37e-02 | 0.00e+00 |
|  412  | 32548 | 2973  | +9.8437e+00 | 2.42e+01 | 8.37e-02 | 0.00e+00 |
|  413  | 32627 | 2978  | +9.8610e+00 | 2.42e+01 | 8.37e-02 | 0.00e+00 |
|  414  | 32706 | 2983  | +9.8783e+00 | 2.42e+01 | 8.38e-02 | 0.00e+00 |
|  415  | 32785 | 2988  | +9.8955e+00 | 2.42e+01 | 8.38e-02 | 0.00e+00 |
|  416  | 32864 | 2993  | +9.9126e+00 | 2.42e+01 | 8.38e-02 | 0.00e+00 |
|  417  | 32943 | 2998  | +9.9298e+00 | 2.42e+01 | 8.38e-02 | 0.00e+00 |
|  418  | 33022 | 3003  | +9.9469e+00 | 2.42e+01 | 8.38e-02 | 0.00e+00 |
|  419  | 33101 | 3008  | +9.9639e+00 | 2.42e+01 | 8.38e-02 | 0.00e+00 |
|  420  | 33180 | 3013  | +9.9810e+00 | 2.42e+01 | 8.38e-02 | 0.00e+00 |
|  421  | 33180 | 3013  | +9.9810e+00 | 1.21e+02 | 5.21e-02 | 0.00e+00 |
|  422  | 33259 | 3019  | +9.9587e+00 | 1.21e+02 | 5.20e-02 | 0.00e+00 |
|  423  | 33338 | 3029  | +9.8884e+00 | 1.21e+02 | 5.17e-02 | 0.00e+00 |
|  424  | 33417 | 3041  | +9.7919e+00 | 1.21e+02 | 5.12e-02 | 0.00e+00 |
|  425  | 33496 | 3053  | +9.6957e+00 | 1.21e+02 | 5.07e-02 | 0.00e+00 |
|  426  | 33575 | 3065  | +9.6018e+00 | 1.21e+02 | 5.01e-02 | 0.00e+00 |
|  427  | 33654 | 3077  | +9.5137e+00 | 1.21e+02 | 4.96e-02 | 0.00e+00 |
|  428  | 33733 | 3088  | +9.4344e+00 | 1.21e+02 | 4.91e-02 | 0.00e+00 |
|  429  | 33812 | 3097  | +9.3659e+00 | 1.21e+02 | 4.88e-02 | 0.00e+00 |
|  430  | 33891 | 3106  | +9.2993e+00 | 1.21e+02 | 4.84e-02 | 0.00e+00 |
|  431  | 33970 | 3114  | +9.2360e+00 | 1.21e+02 | 4.80e-02 | 0.00e+00 |
|  432  | 34049 | 3122  | +9.1747e+00 | 1.21e+02 | 4.76e-02 | 0.00e+00 |
|  433  | 34128 | 3129  | +9.1175e+00 | 1.21e+02 | 4.73e-02 | 0.00e+00 |
|  434  | 34207 | 3136  | +9.0626e+00 | 1.21e+02 | 4.69e-02 | 0.00e+00 |
|  435  | 34286 | 3142  | +9.0122e+00 | 1.21e+02 | 4.66e-02 | 0.00e+00 |
|  436  | 34365 | 3148  | +8.9628e+00 | 1.21e+02 | 4.62e-02 | 0.00e+00 |
|  437  | 34444 | 3154  | +8.9158e+00 | 1.21e+02 | 4.59e-02 | 0.00e+00 |
|  438  | 34523 | 3160  | +8.8708e+00 | 1.21e+02 | 4.55e-02 | 0.00e+00 |
|  439  | 34602 | 3166  | +8.8276e+00 | 1.21e+02 | 4.52e-02 | 0.00e+00 |
|  440  | 34681 | 3172  | +8.7855e+00 | 1.21e+02 | 4.49e-02 | 0.00e+00 |
|  441  | 34760 | 3178  | +8.7449e+00 | 1.21e+02 | 4.46e-02 | 0.00e+00 |
|  442  | 34839 | 3184  | +8.7046e+00 | 1.21e+02 | 4.42e-02 | 0.00e+00 |
|  443  | 34918 | 3190  | +8.6656e+00 | 1.21e+02 | 4.40e-02 | 0.00e+00 |
|  444  | 34997 | 3196  | +8.6277e+00 | 1.21e+02 | 4.37e-02 | 0.00e+00 |
|  445  | 35076 | 3202  | +8.5910e+00 | 1.21e+02 | 4.34e-02 | 0.00e+00 |
|  446  | 35155 | 3208  | +8.5554e+00 | 1.21e+02 | 4.31e-02 | 0.00e+00 |
|  447  | 35234 | 3214  | +8.5197e+00 | 1.21e+02 | 4.29e-02 | 0.00e+00 |
|  448  | 35313 | 3220  | +8.4848e+00 | 1.21e+02 | 4.26e-02 | 0.00e+00 |
|  449  | 35392 | 3226  | +8.4502e+00 | 1.21e+02 | 4.23e-02 | 0.00e+00 |
|  450  | 35471 | 3232  | +8.4158e+00 | 1.21e+02 | 4.21e-02 | 0.00e+00 |
|  451  | 35550 | 3238  | +8.3825e+00 | 1.21e+02 | 4.18e-02 | 0.00e+00 |
|  452  | 35629 | 3244  | +8.3501e+00 | 1.21e+02 | 4.16e-02 | 0.00e+00 |
|  453  | 35708 | 3250  | +8.3185e+00 | 1.21e+02 | 4.14e-02 | 0.00e+00 |
|  454  | 35787 | 3256  | +8.2877e+00 | 1.21e+02 | 4.11e-02 | 0.00e+00 |
|  455  | 35866 | 3262  | +8.2576e+00 | 1.21e+02 | 4.09e-02 | 0.00e+00 |
|  456  | 35945 | 3268  | +8.2282e+00 | 1.21e+02 | 4.07e-02 | 0.00e+00 |
|  457  | 36024 | 3274  | +8.1993e+00 | 1.21e+02 | 4.05e-02 | 0.00e+00 |
|  458  | 36103 | 3280  | +8.1711e+00 | 1.21e+02 | 4.04e-02 | 0.00e+00 |
|  459  | 36182 | 3286  | +8.1434e+00 | 1.21e+02 | 4.02e-02 | 0.00e+00 |
|  460  | 36261 | 3292  | +8.1162e+00 | 1.21e+02 | 4.00e-02 | 0.00e+00 |
|  461  | 36340 | 3298  | +8.0896e+00 | 1.21e+02 | 3.98e-02 | 0.00e+00 |
|  462  | 36419 | 3302  | +8.0666e+00 | 1.21e+02 | 3.97e-02 | 0.00e+00 |
|  463  | 36498 | 3306  | +8.0438e+00 | 1.21e+02 | 3.96e-02 | 0.00e+00 |
|  464  | 36577 | 3310  | +8.0213e+00 | 1.21e+02 | 3.94e-02 | 0.00e+00 |
|  465  | 36656 | 3314  | +7.9990e+00 | 1.21e+02 | 3.93e-02 | 0.00e+00 |
|  466  | 36735 | 3318  | +7.9770e+00 | 1.21e+02 | 3.92e-02 | 0.00e+00 |
|  467  | 36814 | 3322  | +7.9553e+00 | 1.21e+02 | 3.91e-02 | 0.00e+00 |
|  468  | 36893 | 3326  | +7.9339e+00 | 1.21e+02 | 3.89e-02 | 0.00e+00 |
|  469  | 36972 | 3330  | +7.9127e+00 | 1.21e+02 | 3.88e-02 | 0.00e+00 |
|  470  | 37051 | 3334  | +7.8917e+00 | 1.21e+02 | 3.87e-02 | 0.00e+00 |
|  471  | 37130 | 3338  | +7.8710e+00 | 1.21e+02 | 3.86e-02 | 0.00e+00 |
|  472  | 37209 | 3342  | +7.8506e+00 | 1.21e+02 | 3.85e-02 | 0.00e+00 |
|  473  | 37288 | 3346  | +7.8303e+00 | 1.21e+02 | 3.84e-02 | 0.00e+00 |
|  474  | 37367 | 3350  | +7.8103e+00 | 1.21e+02 | 3.83e-02 | 0.00e+00 |
|  475  | 37446 | 3354  | +7.7905e+00 | 1.21e+02 | 3.82e-02 | 0.00e+00 |
|  476  | 37525 | 3358  | +7.7710e+00 | 1.21e+02 | 3.81e-02 | 0.00e+00 |
|  477  | 37604 | 3362  | +7.7516e+00 | 1.21e+02 | 3.79e-02 | 0.00e+00 |
|  478  | 37683 | 3366  | +7.7325e+00 | 1.21e+02 | 3.78e-02 | 0.00e+00 |
|  479  | 37762 | 3370  | +7.7135e+00 | 1.21e+02 | 3.77e-02 | 0.00e+00 |
|  480  | 37841 | 3374  | +7.6948e+00 | 1.21e+02 | 3.76e-02 | 0.00e+00 |
|  481  | 37920 | 3378  | +7.6763e+00 | 1.21e+02 | 3.75e-02 | 0.00e+00 |
|  482  | 37999 | 3382  | +7.6579e+00 | 1.21e+02 | 3.75e-02 | 0.00e+00 |
|  483  | 38078 | 3386  | +7.6397e+00 | 1.21e+02 | 3.74e-02 | 0.00e+00 |
|  484  | 38157 | 3390  | +7.6217e+00 | 1.21e+02 | 3.73e-02 | 0.00e+00 |
|  485  | 38236 | 3394  | +7.6040e+00 | 1.21e+02 | 3.72e-02 | 0.00e+00 |
|  486  | 38315 | 3398  | +7.5864e+00 | 1.21e+02 | 3.71e-02 | 0.00e+00 |
|  487  | 38394 | 3402  | +7.5690e+00 | 1.21e+02 | 3.70e-02 | 0.00e+00 |
|  488  | 38473 | 3406  | +7.5519e+00 | 1.21e+02 | 3.69e-02 | 0.00e+00 |
|  489  | 38552 | 3410  | +7.5349e+00 | 1.21e+02 | 3.68e-02 | 0.00e+00 |
|  490  | 38631 | 3414  | +7.5180e+00 | 1.21e+02 | 3.67e-02 | 0.00e+00 |
|  491  | 38710 | 3418  | +7.5014e+00 | 1.21e+02 | 3.66e-02 | 0.00e+00 |
|  492  | 38789 | 3422  | +7.4849e+00 | 1.21e+02 | 3.65e-02 | 0.00e+00 |
|  493  | 38868 | 3426  | +7.4686e+00 | 1.21e+02 | 3.65e-02 | 0.00e+00 |
|  494  | 38947 | 3430  | +7.4525e+00 | 1.21e+02 | 3.64e-02 | 0.00e+00 |
|  495  | 39026 | 3434  | +7.4365e+00 | 1.21e+02 | 3.63e-02 | 0.00e+00 |
|  496  | 39105 | 3438  | +7.4207e+00 | 1.21e+02 | 3.62e-02 | 0.00e+00 |
|  497  | 39184 | 3442  | +7.4050e+00 | 1.21e+02 | 3.61e-02 | 0.00e+00 |
|  498  | 39263 | 3446  | +7.3895e+00 | 1.21e+02 | 3.60e-02 | 0.00e+00 |
|  499  | 39342 | 3450  | +7.3742e+00 | 1.21e+02 | 3.60e-02 | 0.00e+00 |
|  500  | 39421 | 3454  | +7.3590e+00 | 1.21e+02 | 3.59e-02 | 0.00e+00 |
|  501  | 39500 | 3458  | +7.3439e+00 | 1.21e+02 | 3.58e-02 | 0.00e+00 |
|  502  | 39579 | 3462  | +7.3290e+00 | 1.21e+02 | 3.57e-02 | 0.00e+00 |
|  503  | 39658 | 3466  | +7.3142e+00 | 1.21e+02 | 3.56e-02 | 0.00e+00 |
|  504  | 39737 | 3470  | +7.2996e+00 | 1.21e+02 | 3.56e-02 | 0.00e+00 |
|  505  | 39816 | 3474  | +7.2851e+00 | 1.21e+02 | 3.55e-02 | 0.00e+00 |
|  506  | 39895 | 3478  | +7.2708e+00 | 1.21e+02 | 3.54e-02 | 0.00e+00 |
|  507  | 39974 | 3482  | +7.2565e+00 | 1.21e+02 | 3.53e-02 | 0.00e+00 |
|  508  | 40053 | 3486  | +7.2425e+00 | 1.21e+02 | 3.52e-02 | 0.00e+00 |
|  509  | 40132 | 3490  | +7.2285e+00 | 1.21e+02 | 3.52e-02 | 0.00e+00 |
|  510  | 40211 | 3494  | +7.2147e+00 | 1.21e+02 | 3.51e-02 | 0.00e+00 |
|  511  | 40290 | 3498  | +7.2010e+00 | 1.21e+02 | 3.50e-02 | 0.00e+00 |
|  512  | 40369 | 3502  | +7.1874e+00 | 1.21e+02 | 3.49e-02 | 0.00e+00 |
|  513  | 40448 | 3506  | +7.1740e+00 | 1.21e+02 | 3.49e-02 | 0.00e+00 |
|  514  | 40527 | 3510  | +7.1606e+00 | 1.21e+02 | 3.48e-02 | 0.00e+00 |
|  515  | 40606 | 3514  | +7.1474e+00 | 1.21e+02 | 3.47e-02 | 0.00e+00 |
|  516  | 40685 | 3518  | +7.1343e+00 | 1.21e+02 | 3.46e-02 | 0.00e+00 |
|  517  | 40764 | 3522  | +7.1212e+00 | 1.21e+02 | 3.46e-02 | 0.00e+00 |
|  518  | 40843 | 3526  | +7.1083e+00 | 1.21e+02 | 3.45e-02 | 0.00e+00 |
|  519  | 40922 | 3530  | +7.0955e+00 | 1.21e+02 | 3.44e-02 | 0.00e+00 |
|  520  | 41001 | 3534  | +7.0827e+00 | 1.21e+02 | 3.43e-02 | 0.00e+00 |
|  521  | 41080 | 3538  | +7.0701e+00 | 1.21e+02 | 3.43e-02 | 0.00e+00 |
|  522  | 41159 | 3542  | +7.0576e+00 | 1.21e+02 | 3.42e-02 | 0.00e+00 |
|  523  | 41238 | 3546  | +7.0452e+00 | 1.21e+02 | 3.41e-02 | 0.00e+00 |
|  524  | 41317 | 3550  | +7.0329e+00 | 1.21e+02 | 3.40e-02 | 0.00e+00 |
|  525  | 41396 | 3554  | +7.0207e+00 | 1.21e+02 | 3.40e-02 | 0.00e+00 |
|  526  | 41475 | 3556  | +7.0108e+00 | 1.21e+02 | 3.39e-02 | 0.00e+00 |
|  527  | 41554 | 3559  | +7.0007e+00 | 1.21e+02 | 3.38e-02 | 0.00e+00 |
|  528  | 41633 | 3561  | +6.9908e+00 | 1.21e+02 | 3.38e-02 | 0.00e+00 |
|  529  | 41712 | 3563  | +6.9809e+00 | 1.21e+02 | 3.37e-02 | 0.00e+00 |
|  530  | 41791 | 3565  | +6.9711e+00 | 1.21e+02 | 3.36e-02 | 0.00e+00 |
|  531  | 41870 | 3567  | +6.9612e+00 | 1.21e+02 | 3.35e-02 | 0.00e+00 |
|  532  | 41949 | 3569  | +6.9514e+00 | 1.21e+02 | 3.35e-02 | 0.00e+00 |
|  533  | 42028 | 3571  | +6.9416e+00 | 1.21e+02 | 3.34e-02 | 0.00e+00 |
|  534  | 42107 | 3573  | +6.9318e+00 | 1.21e+02 | 3.33e-02 | 0.00e+00 |
|  535  | 42186 | 3575  | +6.9220e+00 | 1.21e+02 | 3.33e-02 | 0.00e+00 |
|  536  | 42265 | 3577  | +6.9123e+00 | 1.21e+02 | 3.32e-02 | 0.00e+00 |
|  537  | 42344 | 3579  | +6.9025e+00 | 1.21e+02 | 3.31e-02 | 0.00e+00 |
|  538  | 42423 | 3581  | +6.8927e+00 | 1.21e+02 | 3.30e-02 | 0.00e+00 |
|  539  | 42502 | 3583  | +6.8830e+00 | 1.21e+02 | 3.30e-02 | 0.00e+00 |
|  540  | 42581 | 3585  | +6.8733e+00 | 1.21e+02 | 3.29e-02 | 0.00e+00 |
|  541  | 42660 | 3587  | +6.8636e+00 | 1.21e+02 | 3.28e-02 | 0.00e+00 |
|  542  | 42739 | 3589  | +6.8539e+00 | 1.21e+02 | 3.28e-02 | 0.00e+00 |
|  543  | 42818 | 3591  | +6.8442e+00 | 1.21e+02 | 3.27e-02 | 0.00e+00 |
|  544  | 42897 | 3593  | +6.8345e+00 | 1.21e+02 | 3.26e-02 | 0.00e+00 |
|  545  | 42976 | 3595  | +6.8248e+00 | 1.21e+02 | 3.25e-02 | 0.00e+00 |
|  546  | 43055 | 3597  | +6.8152e+00 | 1.21e+02 | 3.25e-02 | 0.00e+00 |
|  547  | 43134 | 3599  | +6.8055e+00 | 1.21e+02 | 3.24e-02 | 0.00e+00 |
|  548  | 43213 | 3601  | +6.7959e+00 | 1.21e+02 | 3.23e-02 | 0.00e+00 |
|  549  | 43292 | 3603  | +6.7863e+00 | 1.21e+02 | 3.23e-02 | 0.00e+00 |
|  550  | 43371 | 3605  | +6.7767e+00 | 1.21e+02 | 3.22e-02 | 0.00e+00 |
|  551  | 43450 | 3607  | +6.7671e+00 | 1.21e+02 | 3.21e-02 | 0.00e+00 |
|  552  | 43529 | 3609  | +6.7575e+00 | 1.21e+02 | 3.21e-02 | 0.00e+00 |
|  553  | 43608 | 3611  | +6.7479e+00 | 1.21e+02 | 3.20e-02 | 0.00e+00 |
|  554  | 43687 | 3613  | +6.7383e+00 | 1.21e+02 | 3.19e-02 | 0.00e+00 |
|  555  | 43766 | 3615  | +6.7288e+00 | 1.21e+02 | 3.19e-02 | 0.00e+00 |
|  556  | 43845 | 3617  | +6.7192e+00 | 1.21e+02 | 3.18e-02 | 0.00e+00 |
|  557  | 43924 | 3619  | +6.7097e+00 | 1.21e+02 | 3.17e-02 | 0.00e+00 |
|  558  | 44003 | 3621  | +6.7002e+00 | 1.21e+02 | 3.16e-02 | 0.00e+00 |
|  559  | 44082 | 3623  | +6.6907e+00 | 1.21e+02 | 3.16e-02 | 0.00e+00 |
|  560  | 44161 | 3625  | +6.6812e+00 | 1.21e+02 | 3.15e-02 | 0.00e+00 |
|  561  | 44240 | 3627  | +6.6717e+00 | 1.21e+02 | 3.14e-02 | 0.00e+00 |
|  562  | 44319 | 3629  | +6.6623e+00 | 1.21e+02 | 3.14e-02 | 0.00e+00 |
|  563  | 44398 | 3631  | +6.6528e+00 | 1.21e+02 | 3.13e-02 | 0.00e+00 |
|  564  | 44477 | 3633  | +6.6433e+00 | 1.21e+02 | 3.12e-02 | 0.00e+00 |
|  565  | 44556 | 3635  | +6.6339e+00 | 1.21e+02 | 3.12e-02 | 0.00e+00 |
|  566  | 44635 | 3637  | +6.6245e+00 | 1.21e+02 | 3.11e-02 | 0.00e+00 |
|  567  | 44714 | 3639  | +6.6151e+00 | 1.21e+02 | 3.10e-02 | 0.00e+00 |
|  568  | 44793 | 3641  | +6.6057e+00 | 1.21e+02 | 3.10e-02 | 0.00e+00 |
|  569  | 44872 | 3643  | +6.5963e+00 | 1.21e+02 | 3.09e-02 | 0.00e+00 |
|  570  | 44951 | 3645  | +6.5869e+00 | 1.21e+02 | 3.08e-02 | 0.00e+00 |
|  571  | 45030 | 3647  | +6.5775e+00 | 1.21e+02 | 3.08e-02 | 0.00e+00 |
|  572  | 45109 | 3649  | +6.5682e+00 | 1.21e+02 | 3.07e-02 | 0.00e+00 |
|  573  | 45188 | 3651  | +6.5588e+00 | 1.21e+02 | 3.06e-02 | 0.00e+00 |
|  574  | 45267 | 3653  | +6.5495e+00 | 1.21e+02 | 3.06e-02 | 0.00e+00 |
|  575  | 45346 | 3655  | +6.5402e+00 | 1.21e+02 | 3.05e-02 | 0.00e+00 |
|  576  | 45425 | 3657  | +6.5309e+00 | 1.21e+02 | 3.04e-02 | 0.00e+00 |
|  577  | 45504 | 3659  | +6.5216e+00 | 1.21e+02 | 3.04e-02 | 0.00e+00 |
|  578  | 45583 | 3661  | +6.5123e+00 | 1.21e+02 | 3.03e-02 | 0.00e+00 |
|  579  | 45662 | 3663  | +6.5030e+00 | 1.21e+02 | 3.02e-02 | 0.00e+00 |
|  580  | 45741 | 3665  | +6.4938e+00 | 1.21e+02 | 3.02e-02 | 0.00e+00 |
|  581  | 45820 | 3667  | +6.4845e+00 | 1.21e+02 | 3.01e-02 | 0.00e+00 |
|  582  | 45899 | 3669  | +6.4753e+00 | 1.21e+02 | 3.00e-02 | 0.00e+00 |
|  583  | 45978 | 3671  | +6.4660e+00 | 1.21e+02 | 3.00e-02 | 0.00e+00 |
|  584  | 46057 | 3673  | +6.4568e+00 | 1.21e+02 | 2.99e-02 | 0.00e+00 |
|  585  | 46136 | 3675  | +6.4476e+00 | 1.21e+02 | 2.98e-02 | 0.00e+00 |
|  586  | 46215 | 3677  | +6.4384e+00 | 1.21e+02 | 2.98e-02 | 0.00e+00 |
|  587  | 46294 | 3679  | +6.4292e+00 | 1.21e+02 | 2.97e-02 | 0.00e+00 |
|  588  | 46373 | 3681  | +6.4200e+00 | 1.21e+02 | 2.96e-02 | 0.00e+00 |
|  589  | 46452 | 3683  | +6.4109e+00 | 1.21e+02 | 2.96e-02 | 0.00e+00 |
|  590  | 46531 | 3685  | +6.4017e+00 | 1.21e+02 | 2.95e-02 | 0.00e+00 |
|  591  | 46610 | 3687  | +6.3926e+00 | 1.21e+02 | 2.94e-02 | 0.00e+00 |
|  592  | 46689 | 3689  | +6.3835e+00 | 1.21e+02 | 2.94e-02 | 0.00e+00 |
|  593  | 46768 | 3691  | +6.3744e+00 | 1.21e+02 | 2.93e-02 | 0.00e+00 |
|  594  | 46847 | 3693  | +6.3652e+00 | 1.21e+02 | 2.92e-02 | 0.00e+00 |
|  595  | 46926 | 3695  | +6.3562e+00 | 1.21e+02 | 2.92e-02 | 0.00e+00 |
|  596  | 47005 | 3697  | +6.3471e+00 | 1.21e+02 | 2.91e-02 | 0.00e+00 |
|  597  | 47084 | 3699  | +6.3380e+00 | 1.21e+02 | 2.90e-02 | 0.00e+00 |
|  598  | 47163 | 3701  | +6.3289e+00 | 1.21e+02 | 2.90e-02 | 0.00e+00 |
|  599  | 47242 | 3703  | +6.3199e+00 | 1.21e+02 | 2.89e-02 | 0.00e+00 |
|  600  | 47321 | 3705  | +6.3108e+00 | 1.21e+02 | 2.88e-02 | 0.00e+00 |
|  601  | 47400 | 3707  | +6.3018e+00 | 1.21e+02 | 2.88e-02 | 0.00e+00 |
|  602  | 47479 | 3709  | +6.2928e+00 | 1.21e+02 | 2.87e-02 | 0.00e+00 |
|  603  | 47558 | 3711  | +6.2838e+00 | 1.21e+02 | 2.86e-02 | 0.00e+00 |
|  604  | 47637 | 3713  | +6.2748e+00 | 1.21e+02 | 2.86e-02 | 0.00e+00 |
|  605  | 47716 | 3715  | +6.2658e+00 | 1.21e+02 | 2.85e-02 | 0.00e+00 |
|  606  | 47795 | 3717  | +6.2568e+00 | 1.21e+02 | 2.85e-02 | 0.00e+00 |
|  607  | 47874 | 3719  | +6.2479e+00 | 1.21e+02 | 2.84e-02 | 0.00e+00 |
|  608  | 47953 | 3721  | +6.2389e+00 | 1.21e+02 | 2.83e-02 | 0.00e+00 |
|  609  | 48032 | 3723  | +6.2300e+00 | 1.21e+02 | 2.83e-02 | 0.00e+00 |
|  610  | 48111 | 3725  | +6.2211e+00 | 1.21e+02 | 2.82e-02 | 0.00e+00 |
|  611  | 48190 | 3727  | +6.2121e+00 | 1.21e+02 | 2.81e-02 | 0.00e+00 |
|  612  | 48269 | 3729  | +6.2032e+00 | 1.21e+02 | 2.81e-02 | 0.00e+00 |
|  613  | 48348 | 3731  | +6.1943e+00 | 1.21e+02 | 2.80e-02 | 0.00e+00 |
|  614  | 48427 | 3733  | +6.1854e+00 | 1.21e+02 | 2.79e-02 | 0.00e+00 |
|  615  | 48506 | 3735  | +6.1766e+00 | 1.21e+02 | 2.79e-02 | 0.00e+00 |
|  616  | 48585 | 3737  | +6.1677e+00 | 1.21e+02 | 2.78e-02 | 0.00e+00 |
|  617  | 48664 | 3739  | +6.1588e+00 | 1.21e+02 | 2.78e-02 | 0.00e+00 |
|  618  | 48743 | 3741  | +6.1500e+00 | 1.21e+02 | 2.77e-02 | 0.00e+00 |
|  619  | 48822 | 3743  | +6.1412e+00 | 1.21e+02 | 2.76e-02 | 0.00e+00 |
|  620  | 48901 | 3745  | +6.1323e+00 | 1.21e+02 | 2.76e-02 | 0.00e+00 |
|  621  | 48980 | 3747  | +6.1235e+00 | 1.21e+02 | 2.75e-02 | 0.00e+00 |
|  622  | 49059 | 3749  | +6.1147e+00 | 1.21e+02 | 2.74e-02 | 0.00e+00 |
|  623  | 49138 | 3751  | +6.1059e+00 | 1.21e+02 | 2.74e-02 | 0.00e+00 |
|  624  | 49217 | 3753  | +6.0972e+00 | 1.21e+02 | 2.73e-02 | 0.00e+00 |
|  625  | 49296 | 3755  | +6.0884e+00 | 1.21e+02 | 2.72e-02 | 0.00e+00 |
|  626  | 49375 | 3757  | +6.0796e+00 | 1.21e+02 | 2.72e-02 | 0.00e+00 |
|  627  | 49454 | 3759  | +6.0709e+00 | 1.21e+02 | 2.71e-02 | 0.00e+00 |
|  628  | 49533 | 3761  | +6.0621e+00 | 1.21e+02 | 2.71e-02 | 0.00e+00 |
|  629  | 49612 | 3763  | +6.0534e+00 | 1.21e+02 | 2.70e-02 | 0.00e+00 |
|  630  | 49691 | 3765  | +6.0447e+00 | 1.21e+02 | 2.69e-02 | 0.00e+00 |
|  631  | 49770 | 3767  | +6.0360e+00 | 1.21e+02 | 2.69e-02 | 0.00e+00 |
|  632  | 49849 | 3769  | +6.0273e+00 | 1.21e+02 | 2.68e-02 | 0.00e+00 |
|  633  | 49928 | 3771  | +6.0186e+00 | 1.21e+02 | 2.67e-02 | 0.00e+00 |
|  634  | 50007 | 3773  | +6.0099e+00 | 1.21e+02 | 2.67e-02 | 0.00e+00 |
|  635  | 50086 | 3775  | +6.0013e+00 | 1.21e+02 | 2.66e-02 | 0.00e+00 |
|  636  | 50165 | 3777  | +5.9926e+00 | 1.21e+02 | 2.66e-02 | 0.00e+00 |
|  637  | 50244 | 3779  | +5.9840e+00 | 1.21e+02 | 2.65e-02 | 0.00e+00 |
|  638  | 50323 | 3781  | +5.9754e+00 | 1.21e+02 | 2.64e-02 | 0.00e+00 |
|  639  | 50402 | 3783  | +5.9667e+00 | 1.21e+02 | 2.64e-02 | 0.00e+00 |
|  640  | 50481 | 3785  | +5.9581e+00 | 1.21e+02 | 2.63e-02 | 0.00e+00 |
|  641  | 50560 | 3787  | +5.9495e+00 | 1.21e+02 | 2.63e-02 | 0.00e+00 |
|  642  | 50639 | 3789  | +5.9409e+00 | 1.21e+02 | 2.62e-02 | 0.00e+00 |
|  643  | 50718 | 3791  | +5.9324e+00 | 1.21e+02 | 2.61e-02 | 0.00e+00 |
|  644  | 50797 | 3793  | +5.9238e+00 | 1.21e+02 | 2.61e-02 | 0.00e+00 |
|  645  | 50876 | 3795  | +5.9152e+00 | 1.21e+02 | 2.60e-02 | 0.00e+00 |
|  646  | 50955 | 3797  | +5.9067e+00 | 1.21e+02 | 2.59e-02 | 0.00e+00 |
|  647  | 51034 | 3799  | +5.8982e+00 | 1.21e+02 | 2.59e-02 | 0.00e+00 |
|  648  | 51113 | 3801  | +5.8896e+00 | 1.21e+02 | 2.58e-02 | 0.00e+00 |
|  649  | 51192 | 3803  | +5.8811e+00 | 1.21e+02 | 2.58e-02 | 0.00e+00 |
|  650  | 51271 | 3805  | +5.8726e+00 | 1.21e+02 | 2.57e-02 | 0.00e+00 |
|  651  | 51350 | 3807  | +5.8641e+00 | 1.21e+02 | 2.56e-02 | 0.00e+00 |
|  652  | 51429 | 3809  | +5.8556e+00 | 1.21e+02 | 2.56e-02 | 0.00e+00 |
|  653  | 51508 | 3811  | +5.8472e+00 | 1.21e+02 | 2.55e-02 | 0.00e+00 |
|  654  | 51587 | 3813  | +5.8387e+00 | 1.21e+02 | 2.55e-02 | 0.00e+00 |
|  655  | 51666 | 3815  | +5.8302e+00 | 1.21e+02 | 2.54e-02 | 0.00e+00 |
|  656  | 51745 | 3817  | +5.8218e+00 | 1.21e+02 | 2.53e-02 | 0.00e+00 |
|  657  | 51824 | 3819  | +5.8134e+00 | 1.21e+02 | 2.53e-02 | 0.00e+00 |
|  658  | 51903 | 3821  | +5.8049e+00 | 1.21e+02 | 2.52e-02 | 0.00e+00 |
|  659  | 51982 | 3823  | +5.7965e+00 | 1.21e+02 | 2.52e-02 | 0.00e+00 |
|  660  | 52061 | 3825  | +5.7881e+00 | 1.21e+02 | 2.51e-02 | 0.00e+00 |
|  661  | 52140 | 3827  | +5.7797e+00 | 1.21e+02 | 2.50e-02 | 0.00e+00 |
|  662  | 52219 | 3829  | +5.7714e+00 | 1.21e+02 | 2.50e-02 | 0.00e+00 |
|  663  | 52298 | 3831  | +5.7630e+00 | 1.21e+02 | 2.49e-02 | 0.00e+00 |
|  664  | 52377 | 3833  | +5.7546e+00 | 1.21e+02 | 2.49e-02 | 0.00e+00 |
|  665  | 52456 | 3835  | +5.7463e+00 | 1.21e+02 | 2.48e-02 | 0.00e+00 |
|  666  | 52535 | 3837  | +5.7380e+00 | 1.21e+02 | 2.48e-02 | 0.00e+00 |
|  667  | 52614 | 3839  | +5.7296e+00 | 1.21e+02 | 2.47e-02 | 0.00e+00 |
|  668  | 52693 | 3841  | +5.7213e+00 | 1.21e+02 | 2.46e-02 | 0.00e+00 |
|  669  | 52772 | 3843  | +5.7130e+00 | 1.21e+02 | 2.46e-02 | 0.00e+00 |
|  670  | 52851 | 3845  | +5.7047e+00 | 1.21e+02 | 2.45e-02 | 0.00e+00 |
|  671  | 52930 | 3847  | +5.6964e+00 | 1.21e+02 | 2.45e-02 | 0.00e+00 |
|  672  | 53009 | 3849  | +5.6882e+00 | 1.21e+02 | 2.44e-02 | 0.00e+00 |
|  673  | 53088 | 3851  | +5.6799e+00 | 1.21e+02 | 2.43e-02 | 0.00e+00 |
|  674  | 53167 | 3853  | +5.6716e+00 | 1.21e+02 | 2.43e-02 | 0.00e+00 |
|  675  | 53246 | 3855  | +5.6634e+00 | 1.21e+02 | 2.42e-02 | 0.00e+00 |
|  676  | 53325 | 3857  | +5.6552e+00 | 1.21e+02 | 2.42e-02 | 0.00e+00 |
|  677  | 53404 | 3859  | +5.6469e+00 | 1.21e+02 | 2.41e-02 | 0.00e+00 |
|  678  | 53483 | 3861  | +5.6387e+00 | 1.21e+02 | 2.41e-02 | 0.00e+00 |
|  679  | 53562 | 3863  | +5.6305e+00 | 1.21e+02 | 2.40e-02 | 0.00e+00 |
|  680  | 53641 | 3865  | +5.6223e+00 | 1.21e+02 | 2.39e-02 | 0.00e+00 |
|  681  | 53720 | 3867  | +5.6142e+00 | 1.21e+02 | 2.39e-02 | 0.00e+00 |
|  682  | 53799 | 3869  | +5.6060e+00 | 1.21e+02 | 2.38e-02 | 0.00e+00 |
|  683  | 53878 | 3871  | +5.5978e+00 | 1.21e+02 | 2.38e-02 | 0.00e+00 |
|  684  | 53957 | 3873  | +5.5897e+00 | 1.21e+02 | 2.37e-02 | 0.00e+00 |
|  685  | 54036 | 3875  | +5.5815e+00 | 1.21e+02 | 2.37e-02 | 0.00e+00 |
|  686  | 54115 | 3877  | +5.5734e+00 | 1.21e+02 | 2.36e-02 | 0.00e+00 |
|  687  | 54194 | 3879  | +5.5653e+00 | 1.21e+02 | 2.35e-02 | 0.00e+00 |
|  688  | 54273 | 3881  | +5.5572e+00 | 1.21e+02 | 2.35e-02 | 0.00e+00 |
|  689  | 54352 | 3883  | +5.5491e+00 | 1.21e+02 | 2.34e-02 | 0.00e+00 |
|  690  | 54431 | 3885  | +5.5410e+00 | 1.21e+02 | 2.34e-02 | 0.00e+00 |
|  691  | 54510 | 3887  | +5.5329e+00 | 1.21e+02 | 2.33e-02 | 0.00e+00 |
|  692  | 54589 | 3889  | +5.5248e+00 | 1.21e+02 | 2.33e-02 | 0.00e+00 |
|  693  | 54668 | 3891  | +5.5168e+00 | 1.21e+02 | 2.32e-02 | 0.00e+00 |
|  694  | 54747 | 3893  | +5.5087e+00 | 1.21e+02 | 2.32e-02 | 0.00e+00 |
|  695  | 54826 | 3895  | +5.5007e+00 | 1.21e+02 | 2.31e-02 | 0.00e+00 |
|  696  | 54905 | 3897  | +5.4927e+00 | 1.21e+02 | 2.31e-02 | 0.00e+00 |
|  697  | 54984 | 3899  | +5.4846e+00 | 1.21e+02 | 2.30e-02 | 0.00e+00 |
|  698  | 55063 | 3901  | +5.4766e+00 | 1.21e+02 | 2.30e-02 | 0.00e+00 |
|  699  | 55142 | 3903  | +5.4686e+00 | 1.21e+02 | 2.29e-02 | 0.00e+00 |
|  700  | 55221 | 3905  | +5.4606e+00 | 1.21e+02 | 2.29e-02 | 0.00e+00 |
|  701  | 55300 | 3907  | +5.4527e+00 | 1.21e+02 | 2.28e-02 | 0.00e+00 |
|  702  | 55379 | 3909  | +5.4447e+00 | 1.21e+02 | 2.28e-02 | 0.00e+00 |
|  703  | 55458 | 3911  | +5.4367e+00 | 1.21e+02 | 2.27e-02 | 0.00e+00 |
|  704  | 55537 | 3913  | +5.4288e+00 | 1.21e+02 | 2.27e-02 | 0.00e+00 |
|  705  | 55616 | 3915  | +5.4209e+00 | 1.21e+02 | 2.26e-02 | 0.00e+00 |
|  706  | 55695 | 3917  | +5.4129e+00 | 1.21e+02 | 2.26e-02 | 0.00e+00 |
|  707  | 55774 | 3919  | +5.4050e+00 | 1.21e+02 | 2.25e-02 | 0.00e+00 |
|  708  | 55853 | 3921  | +5.3971e+00 | 1.21e+02 | 2.25e-02 | 0.00e+00 |
|  709  | 55932 | 3923  | +5.3892e+00 | 1.21e+02 | 2.24e-02 | 0.00e+00 |
|  710  | 56011 | 3925  | +5.3813e+00 | 1.21e+02 | 2.24e-02 | 0.00e+00 |
|  711  | 56090 | 3927  | +5.3734e+00 | 1.21e+02 | 2.23e-02 | 0.00e+00 |
|  712  | 56169 | 3929  | +5.3656e+00 | 1.21e+02 | 2.23e-02 | 0.00e+00 |
|  713  | 56248 | 3931  | +5.3577e+00 | 1.21e+02 | 2.22e-02 | 0.00e+00 |
|  714  | 56327 | 3933  | +5.3499e+00 | 1.21e+02 | 2.22e-02 | 0.00e+00 |
|  715  | 56406 | 3935  | +5.3420e+00 | 1.21e+02 | 2.21e-02 | 0.00e+00 |
|  716  | 56485 | 3937  | +5.3342e+00 | 1.21e+02 | 2.21e-02 | 0.00e+00 |
|  717  | 56564 | 3939  | +5.3264e+00 | 1.21e+02 | 2.20e-02 | 0.00e+00 |
|  718  | 56643 | 3941  | +5.3186e+00 | 1.21e+02 | 2.20e-02 | 0.00e+00 |
|  719  | 56722 | 3943  | +5.3108e+00 | 1.21e+02 | 2.19e-02 | 0.00e+00 |
|  720  | 56801 | 3945  | +5.3030e+00 | 1.21e+02 | 2.19e-02 | 0.00e+00 |
|  721  | 56880 | 3947  | +5.2952e+00 | 1.21e+02 | 2.18e-02 | 0.00e+00 |
|  722  | 56959 | 3949  | +5.2875e+00 | 1.21e+02 | 2.18e-02 | 0.00e+00 |
|  723  | 57038 | 3951  | +5.2797e+00 | 1.21e+02 | 2.18e-02 | 0.00e+00 |
|  724  | 57117 | 3953  | +5.2720e+00 | 1.21e+02 | 2.17e-02 | 0.00e+00 |
|  725  | 57196 | 3955  | +5.2642e+00 | 1.21e+02 | 2.17e-02 | 0.00e+00 |
|  726  | 57275 | 3957  | +5.2565e+00 | 1.21e+02 | 2.16e-02 | 0.00e+00 |
|  727  | 57354 | 3959  | +5.2488e+00 | 1.21e+02 | 2.16e-02 | 0.00e+00 |
|  728  | 57433 | 3961  | +5.2411e+00 | 1.21e+02 | 2.15e-02 | 0.00e+00 |
|  729  | 57512 | 3963  | +5.2334e+00 | 1.21e+02 | 2.15e-02 | 0.00e+00 |
|  730  | 57591 | 3965  | +5.2257e+00 | 1.21e+02 | 2.14e-02 | 0.00e+00 |
|  731  | 57670 | 3967  | +5.2180e+00 | 1.21e+02 | 2.14e-02 | 0.00e+00 |
|  732  | 57749 | 3969  | +5.2104e+00 | 1.21e+02 | 2.13e-02 | 0.00e+00 |
|  733  | 57828 | 3971  | +5.2027e+00 | 1.21e+02 | 2.13e-02 | 0.00e+00 |
|  734  | 57907 | 3973  | +5.1951e+00 | 1.21e+02 | 2.12e-02 | 0.00e+00 |
|  735  | 57986 | 3975  | +5.1874e+00 | 1.21e+02 | 2.12e-02 | 0.00e+00 |
|  736  | 58065 | 3977  | +5.1798e+00 | 1.21e+02 | 2.11e-02 | 0.00e+00 |
|  737  | 58144 | 3979  | +5.1722e+00 | 1.21e+02 | 2.11e-02 | 0.00e+00 |
|  738  | 58223 | 3981  | +5.1646e+00 | 1.21e+02 | 2.11e-02 | 0.00e+00 |
|  739  | 58302 | 3983  | +5.1570e+00 | 1.21e+02 | 2.10e-02 | 0.00e+00 |
|  740  | 58381 | 3985  | +5.1494e+00 | 1.21e+02 | 2.10e-02 | 0.00e+00 |
|  741  | 58460 | 3987  | +5.1419e+00 | 1.21e+02 | 2.09e-02 | 0.00e+00 |
|  742  | 58539 | 3989  | +5.1343e+00 | 1.21e+02 | 2.09e-02 | 0.00e+00 |
|  743  | 58618 | 3991  | +5.1267e+00 | 1.21e+02 | 2.08e-02 | 0.00e+00 |
|  744  | 58697 | 3993  | +5.1192e+00 | 1.21e+02 | 2.08e-02 | 0.00e+00 |
|  745  | 58776 | 3995  | +5.1117e+00 | 1.21e+02 | 2.07e-02 | 0.00e+00 |
|  746  | 58855 | 3997  | +5.1041e+00 | 1.21e+02 | 2.07e-02 | 0.00e+00 |
|  747  | 58934 | 3999  | +5.0966e+00 | 1.21e+02 | 2.06e-02 | 0.00e+00 |
|  748  | 59013 | 4001  | +5.0891e+00 | 1.21e+02 | 2.06e-02 | 0.00e+00 |
|  749  | 59092 | 4003  | +5.0816e+00 | 1.21e+02 | 2.05e-02 | 0.00e+00 |
|  750  | 59171 | 4005  | +5.0742e+00 | 1.21e+02 | 2.05e-02 | 0.00e+00 |
|  751  | 59250 | 4007  | +5.0667e+00 | 1.21e+02 | 2.05e-02 | 0.00e+00 |
|  752  | 59329 | 4009  | +5.0592e+00 | 1.21e+02 | 2.04e-02 | 0.00e+00 |
|  753  | 59408 | 4011  | +5.0518e+00 | 1.21e+02 | 2.04e-02 | 0.00e+00 |
|  754  | 59487 | 4013  | +5.0443e+00 | 1.21e+02 | 2.03e-02 | 0.00e+00 |
|  755  | 59566 | 4015  | +5.0369e+00 | 1.21e+02 | 2.03e-02 | 0.00e+00 |
|  756  | 59645 | 4017  | +5.0295e+00 | 1.21e+02 | 2.02e-02 | 0.00e+00 |
|  757  | 59724 | 4019  | +5.0221e+00 | 1.21e+02 | 2.02e-02 | 0.00e+00 |
|  758  | 59803 | 4021  | +5.0147e+00 | 1.21e+02 | 2.01e-02 | 0.00e+00 |
|  759  | 59882 | 4023  | +5.0073e+00 | 1.21e+02 | 2.01e-02 | 0.00e+00 |
|  760  | 59961 | 4025  | +4.9999e+00 | 1.21e+02 | 2.01e-02 | 0.00e+00 |
|  761  | 60040 | 4027  | +4.9925e+00 | 1.21e+02 | 2.00e-02 | 0.00e+00 |
|  762  | 60119 | 4029  | +4.9852e+00 | 1.21e+02 | 2.00e-02 | 0.00e+00 |
|  763  | 60198 | 4031  | +4.9778e+00 | 1.21e+02 | 1.99e-02 | 0.00e+00 |
|  764  | 60277 | 4033  | +4.9705e+00 | 1.21e+02 | 1.99e-02 | 0.00e+00 |
|  765  | 60356 | 4035  | +4.9631e+00 | 1.21e+02 | 1.98e-02 | 0.00e+00 |
|  766  | 60435 | 4037  | +4.9558e+00 | 1.21e+02 | 1.98e-02 | 0.00e+00 |
|  767  | 60514 | 4039  | +4.9485e+00 | 1.21e+02 | 1.97e-02 | 0.00e+00 |
|  768  | 60593 | 4041  | +4.9412e+00 | 1.21e+02 | 1.97e-02 | 0.00e+00 |
|  769  | 60672 | 4043  | +4.9339e+00 | 1.21e+02 | 1.97e-02 | 0.00e+00 |
|  770  | 60751 | 4045  | +4.9266e+00 | 1.21e+02 | 1.96e-02 | 0.00e+00 |
|  771  | 60830 | 4047  | +4.9193e+00 | 1.21e+02 | 1.96e-02 | 0.00e+00 |
|  772  | 60909 | 4049  | +4.9120e+00 | 1.21e+02 | 1.95e-02 | 0.00e+00 |
|  773  | 60988 | 4051  | +4.9048e+00 | 1.21e+02 | 1.95e-02 | 0.00e+00 |
|  774  | 61067 | 4053  | +4.8975e+00 | 1.21e+02 | 1.94e-02 | 0.00e+00 |
|  775  | 61146 | 4055  | +4.8903e+00 | 1.21e+02 | 1.94e-02 | 0.00e+00 |
|  776  | 61225 | 4057  | +4.8831e+00 | 1.21e+02 | 1.94e-02 | 0.00e+00 |
|  777  | 61304 | 4059  | +4.8759e+00 | 1.21e+02 | 1.93e-02 | 0.00e+00 |
|  778  | 61383 | 4061  | +4.8686e+00 | 1.21e+02 | 1.93e-02 | 0.00e+00 |
|  779  | 61462 | 4063  | +4.8614e+00 | 1.21e+02 | 1.92e-02 | 0.00e+00 |
|  780  | 61541 | 4065  | +4.8543e+00 | 1.21e+02 | 1.92e-02 | 0.00e+00 |
|  781  | 61620 | 4067  | +4.8471e+00 | 1.21e+02 | 1.91e-02 | 0.00e+00 |
|  782  | 61699 | 4069  | +4.8399e+00 | 1.21e+02 | 1.91e-02 | 0.00e+00 |
|  783  | 61778 | 4071  | +4.8327e+00 | 1.21e+02 | 1.91e-02 | 0.00e+00 |
|  784  | 61857 | 4073  | +4.8256e+00 | 1.21e+02 | 1.90e-02 | 0.00e+00 |
|  785  | 61936 | 4075  | +4.8185e+00 | 1.21e+02 | 1.90e-02 | 0.00e+00 |
|  786  | 62015 | 4077  | +4.8113e+00 | 1.21e+02 | 1.89e-02 | 0.00e+00 |
|  787  | 62094 | 4079  | +4.8042e+00 | 1.21e+02 | 1.89e-02 | 0.00e+00 |
|  788  | 62173 | 4081  | +4.7971e+00 | 1.21e+02 | 1.88e-02 | 0.00e+00 |
|  789  | 62252 | 4083  | +4.7900e+00 | 1.21e+02 | 1.88e-02 | 0.00e+00 |
|  790  | 62331 | 4085  | +4.7829e+00 | 1.21e+02 | 1.88e-02 | 0.00e+00 |
|  791  | 62410 | 4087  | +4.7758e+00 | 1.21e+02 | 1.87e-02 | 0.00e+00 |
|  792  | 62489 | 4089  | +4.7688e+00 | 1.21e+02 | 1.87e-02 | 0.00e+00 |
|  793  | 62568 | 4091  | +4.7617e+00 | 1.21e+02 | 1.86e-02 | 0.00e+00 |
|  794  | 62647 | 4093  | +4.7546e+00 | 1.21e+02 | 1.86e-02 | 0.00e+00 |
|  795  | 62726 | 4095  | +4.7476e+00 | 1.21e+02 | 1.85e-02 | 0.00e+00 |
|  796  | 62805 | 4097  | +4.7406e+00 | 1.21e+02 | 1.85e-02 | 0.00e+00 |
|  797  | 62884 | 4099  | +4.7335e+00 | 1.21e+02 | 1.85e-02 | 0.00e+00 |
|  798  | 62963 | 4101  | +4.7265e+00 | 1.21e+02 | 1.84e-02 | 0.00e+00 |
|  799  | 63042 | 4103  | +4.7195e+00 | 1.21e+02 | 1.84e-02 | 0.00e+00 |
|  800  | 63121 | 4105  | +4.7125e+00 | 1.21e+02 | 1.83e-02 | 0.00e+00 |
|  801  | 63200 | 4107  | +4.7055e+00 | 1.21e+02 | 1.83e-02 | 0.00e+00 |
|  802  | 63279 | 4109  | +4.6986e+00 | 1.21e+02 | 1.83e-02 | 0.00e+00 |
|  803  | 63358 | 4111  | +4.6916e+00 | 1.21e+02 | 1.82e-02 | 0.00e+00 |
|  804  | 63437 | 4113  | +4.6847e+00 | 1.21e+02 | 1.82e-02 | 0.00e+00 |
|  805  | 63516 | 4115  | +4.6777e+00 | 1.21e+02 | 1.81e-02 | 0.00e+00 |
|  806  | 63595 | 4117  | +4.6708e+00 | 1.21e+02 | 1.81e-02 | 0.00e+00 |
|  807  | 63674 | 4119  | +4.6639e+00 | 1.21e+02 | 1.80e-02 | 0.00e+00 |
|  808  | 63753 | 4121  | +4.6570e+00 | 1.21e+02 | 1.80e-02 | 0.00e+00 |
|  809  | 63832 | 4123  | +4.6501e+00 | 1.21e+02 | 1.80e-02 | 0.00e+00 |
|  810  | 63911 | 4125  | +4.6432e+00 | 1.21e+02 | 1.79e-02 | 0.00e+00 |
|  811  | 63990 | 4127  | +4.6363e+00 | 1.21e+02 | 1.79e-02 | 0.00e+00 |
|  812  | 64069 | 4129  | +4.6294e+00 | 1.21e+02 | 1.78e-02 | 0.00e+00 |
|  813  | 64148 | 4131  | +4.6225e+00 | 1.21e+02 | 1.78e-02 | 0.00e+00 |
|  814  | 64227 | 4133  | +4.6157e+00 | 1.21e+02 | 1.78e-02 | 0.00e+00 |
|  815  | 64306 | 4135  | +4.6088e+00 | 1.21e+02 | 1.77e-02 | 0.00e+00 |
|  816  | 64385 | 4137  | +4.6020e+00 | 1.21e+02 | 1.77e-02 | 0.00e+00 |
|  817  | 64464 | 4139  | +4.5952e+00 | 1.21e+02 | 1.76e-02 | 0.00e+00 |
|  818  | 64543 | 4141  | +4.5884e+00 | 1.21e+02 | 1.76e-02 | 0.00e+00 |
|  819  | 64622 | 4143  | +4.5815e+00 | 1.21e+02 | 1.76e-02 | 0.00e+00 |
|  820  | 64701 | 4145  | +4.5747e+00 | 1.21e+02 | 1.75e-02 | 0.00e+00 |
|  821  | 64780 | 4147  | +4.5680e+00 | 1.21e+02 | 1.75e-02 | 0.00e+00 |
|  822  | 64859 | 4149  | +4.5612e+00 | 1.21e+02 | 1.74e-02 | 0.00e+00 |
|  823  | 64938 | 4151  | +4.5544e+00 | 1.21e+02 | 1.74e-02 | 0.00e+00 |
|  824  | 65017 | 4153  | +4.5477e+00 | 1.21e+02 | 1.74e-02 | 0.00e+00 |
|  825  | 65096 | 4155  | +4.5409e+00 | 1.21e+02 | 1.73e-02 | 0.00e+00 |
|  826  | 65175 | 4157  | +4.5342e+00 | 1.21e+02 | 1.73e-02 | 0.00e+00 |
|  827  | 65254 | 4159  | +4.5274e+00 | 1.21e+02 | 1.72e-02 | 0.00e+00 |
|  828  | 65333 | 4161  | +4.5207e+00 | 1.21e+02 | 1.72e-02 | 0.00e+00 |
|  829  | 65412 | 4163  | +4.5140e+00 | 1.21e+02 | 1.72e-02 | 0.00e+00 |
|  830  | 65491 | 4165  | +4.5073e+00 | 1.21e+02 | 1.71e-02 | 0.00e+00 |
|  831  | 65570 | 4167  | +4.5006e+00 | 1.21e+02 | 1.71e-02 | 0.00e+00 |
|  832  | 65649 | 4169  | +4.4939e+00 | 1.21e+02 | 1.71e-02 | 0.00e+00 |
|  833  | 65728 | 4171  | +4.4873e+00 | 1.21e+02 | 1.70e-02 | 0.00e+00 |
|  834  | 65807 | 4173  | +4.4806e+00 | 1.21e+02 | 1.70e-02 | 0.00e+00 |
|  835  | 65886 | 4175  | +4.4740e+00 | 1.21e+02 | 1.69e-02 | 0.00e+00 |
|  836  | 65965 | 4177  | +4.4673e+00 | 1.21e+02 | 1.69e-02 | 0.00e+00 |
|  837  | 66044 | 4179  | +4.4607e+00 | 1.21e+02 | 1.69e-02 | 0.00e+00 |
|  838  | 66123 | 4181  | +4.4541e+00 | 1.21e+02 | 1.68e-02 | 0.00e+00 |
|  839  | 66202 | 4183  | +4.4475e+00 | 1.21e+02 | 1.68e-02 | 0.00e+00 |
|  840  | 66281 | 4185  | +4.4409e+00 | 1.21e+02 | 1.67e-02 | 0.00e+00 |
|  841  | 66360 | 4187  | +4.4343e+00 | 1.21e+02 | 1.67e-02 | 0.00e+00 |
|  842  | 66439 | 4189  | +4.4277e+00 | 1.21e+02 | 1.67e-02 | 0.00e+00 |
|  843  | 66518 | 4191  | +4.4211e+00 | 1.21e+02 | 1.66e-02 | 0.00e+00 |
|  844  | 66597 | 4193  | +4.4145e+00 | 1.21e+02 | 1.66e-02 | 0.00e+00 |
|  845  | 66676 | 4195  | +4.4080e+00 | 1.21e+02 | 1.65e-02 | 0.00e+00 |
|  846  | 66755 | 4197  | +4.4014e+00 | 1.21e+02 | 1.65e-02 | 0.00e+00 |
|  847  | 66834 | 4199  | +4.3949e+00 | 1.21e+02 | 1.65e-02 | 0.00e+00 |
|  848  | 66913 | 4201  | +4.3884e+00 | 1.21e+02 | 1.64e-02 | 0.00e+00 |
|  849  | 66992 | 4203  | +4.3819e+00 | 1.21e+02 | 1.64e-02 | 0.00e+00 |
|  850  | 67071 | 4205  | +4.3754e+00 | 1.21e+02 | 1.64e-02 | 0.00e+00 |
|  851  | 67150 | 4207  | +4.3689e+00 | 1.21e+02 | 1.63e-02 | 0.00e+00 |
|  852  | 67229 | 4209  | +4.3624e+00 | 1.21e+02 | 1.63e-02 | 0.00e+00 |
|  853  | 67308 | 4211  | +4.3559e+00 | 1.21e+02 | 1.62e-02 | 0.00e+00 |
|  854  | 67387 | 4213  | +4.3494e+00 | 1.21e+02 | 1.62e-02 | 0.00e+00 |
|  855  | 67466 | 4215  | +4.3430e+00 | 1.21e+02 | 1.62e-02 | 0.00e+00 |
|  856  | 67545 | 4217  | +4.3365e+00 | 1.21e+02 | 1.61e-02 | 0.00e+00 |
|  857  | 67624 | 4219  | +4.3301e+00 | 1.21e+02 | 1.61e-02 | 0.00e+00 |
|  858  | 67703 | 4221  | +4.3237e+00 | 1.21e+02 | 1.61e-02 | 0.00e+00 |
|  859  | 67782 | 4223  | +4.3172e+00 | 1.21e+02 | 1.60e-02 | 0.00e+00 |
|  860  | 67861 | 4225  | +4.3108e+00 | 1.21e+02 | 1.60e-02 | 0.00e+00 |
|  861  | 67940 | 4227  | +4.3044e+00 | 1.21e+02 | 1.59e-02 | 0.00e+00 |
|  862  | 68019 | 4229  | +4.2981e+00 | 1.21e+02 | 1.59e-02 | 0.00e+00 |
|  863  | 68098 | 4231  | +4.2917e+00 | 1.21e+02 | 1.59e-02 | 0.00e+00 |
|  864  | 68177 | 4233  | +4.2853e+00 | 1.21e+02 | 1.58e-02 | 0.00e+00 |
|  865  | 68256 | 4235  | +4.2789e+00 | 1.21e+02 | 1.58e-02 | 0.00e+00 |
|  866  | 68335 | 4237  | +4.2726e+00 | 1.21e+02 | 1.58e-02 | 0.00e+00 |
|  867  | 68414 | 4239  | +4.2663e+00 | 1.21e+02 | 1.57e-02 | 0.00e+00 |
|  868  | 68493 | 4241  | +4.2599e+00 | 1.21e+02 | 1.57e-02 | 0.00e+00 |
|  869  | 68572 | 4243  | +4.2536e+00 | 1.21e+02 | 1.57e-02 | 0.00e+00 |
|  870  | 68651 | 4245  | +4.2473e+00 | 1.21e+02 | 1.56e-02 | 0.00e+00 |
|  871  | 68730 | 4247  | +4.2410e+00 | 1.21e+02 | 1.56e-02 | 0.00e+00 |
|  872  | 68809 | 4249  | +4.2347e+00 | 1.21e+02 | 1.55e-02 | 0.00e+00 |
|  873  | 68888 | 4251  | +4.2284e+00 | 1.21e+02 | 1.55e-02 | 0.00e+00 |
|  874  | 68967 | 4253  | +4.2221e+00 | 1.21e+02 | 1.55e-02 | 0.00e+00 |
|  875  | 69046 | 4255  | +4.2159e+00 | 1.21e+02 | 1.54e-02 | 0.00e+00 |
|  876  | 69125 | 4257  | +4.2096e+00 | 1.21e+02 | 1.54e-02 | 0.00e+00 |
|  877  | 69204 | 4259  | +4.2034e+00 | 1.21e+02 | 1.54e-02 | 0.00e+00 |
|  878  | 69283 | 4261  | +4.1971e+00 | 1.21e+02 | 1.53e-02 | 0.00e+00 |
|  879  | 69362 | 4263  | +4.1909e+00 | 1.21e+02 | 1.53e-02 | 0.00e+00 |
|  880  | 69441 | 4265  | +4.1847e+00 | 1.21e+02 | 1.53e-02 | 0.00e+00 |
|  881  | 69520 | 4267  | +4.1785e+00 | 1.21e+02 | 1.52e-02 | 0.00e+00 |
|  882  | 69599 | 4269  | +4.1723e+00 | 1.21e+02 | 1.52e-02 | 0.00e+00 |
|  883  | 69678 | 4271  | +4.1661e+00 | 1.21e+02 | 1.52e-02 | 0.00e+00 |
|  884  | 69757 | 4273  | +4.1599e+00 | 1.21e+02 | 1.51e-02 | 0.00e+00 |
|  885  | 69836 | 4275  | +4.1537e+00 | 1.21e+02 | 1.51e-02 | 0.00e+00 |
|  886  | 69915 | 4277  | +4.1476e+00 | 1.21e+02 | 1.50e-02 | 0.00e+00 |
|  887  | 69994 | 4279  | +4.1414e+00 | 1.21e+02 | 1.50e-02 | 0.00e+00 |
|  888  | 70073 | 4281  | +4.1353e+00 | 1.21e+02 | 1.50e-02 | 0.00e+00 |
|  889  | 70152 | 4283  | +4.1291e+00 | 1.21e+02 | 1.49e-02 | 0.00e+00 |
|  890  | 70231 | 4285  | +4.1230e+00 | 1.21e+02 | 1.49e-02 | 0.00e+00 |
|  891  | 70310 | 4287  | +4.1169e+00 | 1.21e+02 | 1.49e-02 | 0.00e+00 |
|  892  | 70389 | 4289  | +4.1108e+00 | 1.21e+02 | 1.48e-02 | 0.00e+00 |
|  893  | 70468 | 4291  | +4.1047e+00 | 1.21e+02 | 1.48e-02 | 0.00e+00 |
|  894  | 70547 | 4293  | +4.0986e+00 | 1.21e+02 | 1.48e-02 | 0.00e+00 |
|  895  | 70626 | 4295  | +4.0925e+00 | 1.21e+02 | 1.47e-02 | 0.00e+00 |
|  896  | 70705 | 4297  | +4.0865e+00 | 1.21e+02 | 1.47e-02 | 0.00e+00 |
|  897  | 70784 | 4299  | +4.0804e+00 | 1.21e+02 | 1.47e-02 | 0.00e+00 |
|  898  | 70863 | 4301  | +4.0743e+00 | 1.21e+02 | 1.46e-02 | 0.00e+00 |
|  899  | 70942 | 4303  | +4.0683e+00 | 1.21e+02 | 1.46e-02 | 0.00e+00 |
|  900  | 71021 | 4305  | +4.0623e+00 | 1.21e+02 | 1.46e-02 | 0.00e+00 |
|  901  | 71100 | 4307  | +4.0563e+00 | 1.21e+02 | 1.45e-02 | 0.00e+00 |
|  902  | 71179 | 4309  | +4.0502e+00 | 1.21e+02 | 1.45e-02 | 0.00e+00 |
|  903  | 71258 | 4311  | +4.0442e+00 | 1.21e+02 | 1.45e-02 | 0.00e+00 |
|  904  | 71337 | 4313  | +4.0382e+00 | 1.21e+02 | 1.44e-02 | 0.00e+00 |
|  905  | 71416 | 4315  | +4.0323e+00 | 1.21e+02 | 1.44e-02 | 0.00e+00 |
|  906  | 71495 | 4317  | +4.0263e+00 | 1.21e+02 | 1.44e-02 | 0.00e+00 |
|  907  | 71574 | 4319  | +4.0203e+00 | 1.21e+02 | 1.43e-02 | 0.00e+00 |
|  908  | 71653 | 4321  | +4.0144e+00 | 1.21e+02 | 1.43e-02 | 0.00e+00 |
|  909  | 71732 | 4323  | +4.0084e+00 | 1.21e+02 | 1.43e-02 | 0.00e+00 |
|  910  | 71811 | 4325  | +4.0025e+00 | 1.21e+02 | 1.42e-02 | 0.00e+00 |
|  911  | 71890 | 4327  | +3.9965e+00 | 1.21e+02 | 1.42e-02 | 0.00e+00 |
|  912  | 71969 | 4329  | +3.9906e+00 | 1.21e+02 | 1.42e-02 | 0.00e+00 |
|  913  | 72048 | 4331  | +3.9847e+00 | 1.21e+02 | 1.41e-02 | 0.00e+00 |
|  914  | 72127 | 4333  | +3.9788e+00 | 1.21e+02 | 1.41e-02 | 0.00e+00 |
|  915  | 72127 | 4333  | +3.9788e+00 | 6.05e+02 | 3.35e-02 | 0.00e+00 |
|  916  | 72206 | 4339  | +3.9385e+00 | 6.05e+02 | 3.33e-02 | 0.00e+00 |
|  917  | 72285 | 4346  | +3.8459e+00 | 6.05e+02 | 3.27e-02 | 0.00e+00 |
|  918  | 72364 | 4354  | +3.7317e+00 | 6.05e+02 | 3.20e-02 | 0.00e+00 |
|  919  | 72443 | 4363  | +3.6073e+00 | 6.05e+02 | 3.13e-02 | 0.00e+00 |
|  920  | 72522 | 4372  | +3.4840e+00 | 6.05e+02 | 3.06e-02 | 0.00e+00 |
|  921  | 72601 | 4381  | +3.3705e+00 | 6.05e+02 | 3.01e-02 | 0.00e+00 |
|  922  | 72680 | 4390  | +3.2707e+00 | 6.05e+02 | 2.96e-02 | 0.00e+00 |
|  923  | 72759 | 4398  | +3.1893e+00 | 6.05e+02 | 2.93e-02 | 0.00e+00 |
|  924  | 72838 | 4406  | +3.1130e+00 | 6.05e+02 | 2.91e-02 | 0.00e+00 |
|  925  | 72917 | 4414  | +3.0430e+00 | 6.05e+02 | 2.89e-02 | 0.00e+00 |
|  926  | 72996 | 4422  | +2.9797e+00 | 6.05e+02 | 2.87e-02 | 0.00e+00 |
|  927  | 73075 | 4429  | +2.9302e+00 | 6.05e+02 | 2.85e-02 | 0.00e+00 |
|  928  | 73154 | 4433  | +2.9006e+00 | 6.05e+02 | 2.84e-02 | 0.00e+00 |
|  929  | 73233 | 4437  | +2.8703e+00 | 6.05e+02 | 2.83e-02 | 0.00e+00 |
|  930  | 73312 | 4441  | +2.8404e+00 | 6.05e+02 | 2.82e-02 | 0.00e+00 |
|  931  | 73391 | 4445  | +2.8107e+00 | 6.05e+02 | 2.81e-02 | 0.00e+00 |
|  932  | 73470 | 4449  | +2.7814e+00 | 6.05e+02 | 2.80e-02 | 0.00e+00 |
|  933  | 73549 | 4453  | +2.7524e+00 | 6.05e+02 | 2.79e-02 | 0.00e+00 |
|  934  | 73628 | 4457  | +2.7236e+00 | 6.05e+02 | 2.78e-02 | 0.00e+00 |
|  935  | 73707 | 4461  | +2.6951e+00 | 6.05e+02 | 2.77e-02 | 0.00e+00 |
|  936  | 73786 | 4465  | +2.6668e+00 | 6.05e+02 | 2.77e-02 | 0.00e+00 |
|  937  | 73865 | 4469  | +2.6388e+00 | 6.05e+02 | 2.76e-02 | 0.00e+00 |
|  938  | 73944 | 4473  | +2.6110e+00 | 6.05e+02 | 2.75e-02 | 0.00e+00 |
|  939  | 74023 | 4477  | +2.5835e+00 | 6.05e+02 | 2.74e-02 | 0.00e+00 |
|  940  | 74102 | 4481  | +2.5561e+00 | 6.05e+02 | 2.73e-02 | 0.00e+00 |
|  941  | 74181 | 4485  | +2.5290e+00 | 6.05e+02 | 2.72e-02 | 0.00e+00 |
|  942  | 74260 | 4489  | +2.5021e+00 | 6.05e+02 | 2.71e-02 | 0.00e+00 |
|  943  | 74339 | 4493  | +2.4754e+00 | 6.05e+02 | 2.70e-02 | 0.00e+00 |
|  944  | 74418 | 4497  | +2.4489e+00 | 6.05e+02 | 2.69e-02 | 0.00e+00 |
|  945  | 74497 | 4501  | +2.4225e+00 | 6.05e+02 | 2.68e-02 | 0.00e+00 |
|  946  | 74576 | 4505  | +2.3964e+00 | 6.05e+02 | 2.67e-02 | 0.00e+00 |
|  947  | 74655 | 4509  | +2.3704e+00 | 6.05e+02 | 2.66e-02 | 0.00e+00 |
|  948  | 74734 | 4513  | +2.3447e+00 | 6.05e+02 | 2.65e-02 | 0.00e+00 |
|  949  | 74813 | 4517  | +2.3191e+00 | 6.05e+02 | 2.64e-02 | 0.00e+00 |
|  950  | 74892 | 4521  | +2.2937e+00 | 6.05e+02 | 2.63e-02 | 0.00e+00 |
|  951  | 74971 | 4525  | +2.2684e+00 | 6.05e+02 | 2.62e-02 | 0.00e+00 |
|  952  | 75050 | 4529  | +2.2433e+00 | 6.05e+02 | 2.61e-02 | 0.00e+00 |
|  953  | 75129 | 4533  | +2.2185e+00 | 6.05e+02 | 2.60e-02 | 0.00e+00 |
|  954  | 75208 | 4537  | +2.1939e+00 | 6.05e+02 | 2.59e-02 | 0.00e+00 |
|  955  | 75287 | 4541  | +2.1696e+00 | 6.05e+02 | 2.58e-02 | 0.00e+00 |
|  956  | 75366 | 4545  | +2.1454e+00 | 6.05e+02 | 2.57e-02 | 0.00e+00 |
|  957  | 75445 | 4549  | +2.1215e+00 | 6.05e+02 | 2.56e-02 | 0.00e+00 |
|  958  | 75524 | 4553  | +2.0977e+00 | 6.05e+02 | 2.55e-02 | 0.00e+00 |
|  959  | 75603 | 4557  | +2.0742e+00 | 6.05e+02 | 2.54e-02 | 0.00e+00 |
|  960  | 75682 | 4561  | +2.0509e+00 | 6.05e+02 | 2.53e-02 | 0.00e+00 |
|  961  | 75761 | 4565  | +2.0278e+00 | 6.05e+02 | 2.52e-02 | 0.00e+00 |
|  962  | 75840 | 4569  | +2.0049e+00 | 6.05e+02 | 2.51e-02 | 0.00e+00 |
|  963  | 75919 | 4573  | +1.9823e+00 | 6.05e+02 | 2.50e-02 | 0.00e+00 |
|  964  | 75998 | 4577  | +1.9599e+00 | 6.05e+02 | 2.49e-02 | 0.00e+00 |
|  965  | 76077 | 4581  | +1.9377e+00 | 6.05e+02 | 2.48e-02 | 0.00e+00 |
|  966  | 76156 | 4585  | +1.9158e+00 | 6.05e+02 | 2.47e-02 | 0.00e+00 |
|  967  | 76235 | 4588  | +1.9012e+00 | 6.05e+02 | 2.46e-02 | 0.00e+00 |
|  968  | 76314 | 4591  | +1.8865e+00 | 6.05e+02 | 2.45e-02 | 0.00e+00 |
|  969  | 76393 | 4594  | +1.8719e+00 | 6.05e+02 | 2.44e-02 | 0.00e+00 |
|  970  | 76472 | 4597  | +1.8573e+00 | 6.05e+02 | 2.43e-02 | 0.00e+00 |
|  971  | 76551 | 4600  | +1.8427e+00 | 6.05e+02 | 2.41e-02 | 0.00e+00 |
|  972  | 76630 | 4603  | +1.8281e+00 | 6.05e+02 | 2.40e-02 | 0.00e+00 |
|  973  | 76709 | 4606  | +1.8135e+00 | 6.05e+02 | 2.39e-02 | 0.00e+00 |
|  974  | 76788 | 4609  | +1.7989e+00 | 6.05e+02 | 2.38e-02 | 0.00e+00 |
|  975  | 76867 | 4612  | +1.7844e+00 | 6.05e+02 | 2.37e-02 | 0.00e+00 |
|  976  | 76946 | 4615  | +1.7698e+00 | 6.05e+02 | 2.36e-02 | 0.00e+00 |
|  977  | 77025 | 4618  | +1.7553e+00 | 6.05e+02 | 2.35e-02 | 0.00e+00 |
|  978  | 77104 | 4621  | +1.7408e+00 | 6.05e+02 | 2.34e-02 | 0.00e+00 |
|  979  | 77183 | 4624  | +1.7262e+00 | 6.05e+02 | 2.33e-02 | 0.00e+00 |
|  980  | 77262 | 4627  | +1.7118e+00 | 6.05e+02 | 2.32e-02 | 0.00e+00 |
|  981  | 77341 | 4630  | +1.6973e+00 | 6.05e+02 | 2.30e-02 | 0.00e+00 |
|  982  | 77420 | 4633  | +1.6828e+00 | 6.05e+02 | 2.29e-02 | 0.00e+00 |
|  983  | 77499 | 4636  | +1.6683e+00 | 6.05e+02 | 2.28e-02 | 0.00e+00 |
|  984  | 77578 | 4639  | +1.6539e+00 | 6.05e+02 | 2.27e-02 | 0.00e+00 |
|  985  | 77657 | 4642  | +1.6395e+00 | 6.05e+02 | 2.26e-02 | 0.00e+00 |
|  986  | 77736 | 4645  | +1.6251e+00 | 6.05e+02 | 2.25e-02 | 0.00e+00 |
|  987  | 77815 | 4648  | +1.6107e+00 | 6.05e+02 | 2.24e-02 | 0.00e+00 |
|  988  | 77894 | 4651  | +1.5963e+00 | 6.05e+02 | 2.23e-02 | 0.00e+00 |
|  989  | 77973 | 4654  | +1.5819e+00 | 6.05e+02 | 2.22e-02 | 0.00e+00 |
|  990  | 78052 | 4657  | +1.5675e+00 | 6.05e+02 | 2.21e-02 | 0.00e+00 |
|  991  | 78131 | 4660  | +1.5532e+00 | 6.05e+02 | 2.20e-02 | 0.00e+00 |
|  992  | 78210 | 4663  | +1.5388e+00 | 6.05e+02 | 2.19e-02 | 0.00e+00 |
|  993  | 78289 | 4666  | +1.5245e+00 | 6.05e+02 | 2.17e-02 | 0.00e+00 |
|  994  | 78368 | 4669  | +1.5102e+00 | 6.05e+02 | 2.16e-02 | 0.00e+00 |
|  995  | 78447 | 4672  | +1.4959e+00 | 6.05e+02 | 2.15e-02 | 0.00e+00 |
|  996  | 78526 | 4675  | +1.4816e+00 | 6.05e+02 | 2.14e-02 | 0.00e+00 |
|  997  | 78605 | 4678  | +1.4673e+00 | 6.05e+02 | 2.13e-02 | 0.00e+00 |
|  998  | 78684 | 4681  | +1.4530e+00 | 6.05e+02 | 2.12e-02 | 0.00e+00 |
|  999  | 78763 | 4684  | +1.4388e+00 | 6.05e+02 | 2.11e-02 | 0.00e+00 |
| 1000  | 78842 | 4687  | +1.4245e+00 | 6.05e+02 | 2.10e-02 | 0.00e+00 |
| 1001  | 78921 | 4690  | +1.4103e+00 | 6.05e+02 | 2.09e-02 | 0.00e+00 |
| 1002  | 79000 | 4693  | +1.3961e+00 | 6.05e+02 | 2.08e-02 | 0.00e+00 |
| 1003  | 79079 | 4696  | +1.3819e+00 | 6.05e+02 | 2.07e-02 | 0.00e+00 |
| 1004  | 79158 | 4699  | +1.3677e+00 | 6.05e+02 | 2.06e-02 | 0.00e+00 |
| 1005  | 79237 | 4702  | +1.3535e+00 | 6.05e+02 | 2.05e-02 | 0.00e+00 |
| 1006  | 79316 | 4705  | +1.3394e+00 | 6.05e+02 | 2.04e-02 | 0.00e+00 |
| 1007  | 79395 | 4708  | +1.3252e+00 | 6.05e+02 | 2.03e-02 | 0.00e+00 |
| 1008  | 79474 | 4711  | +1.3111e+00 | 6.05e+02 | 2.02e-02 | 0.00e+00 |
| 1009  | 79553 | 4714  | +1.2969e+00 | 6.05e+02 | 2.01e-02 | 0.00e+00 |
| 1010  | 79632 | 4717  | +1.2828e+00 | 6.05e+02 | 2.00e-02 | 0.00e+00 |
| 1011  | 79711 | 4720  | +1.2687e+00 | 6.05e+02 | 1.98e-02 | 0.00e+00 |
| 1012  | 79790 | 4723  | +1.2546e+00 | 6.05e+02 | 1.97e-02 | 0.00e+00 |
| 1013  | 79869 | 4726  | +1.2405e+00 | 6.05e+02 | 1.96e-02 | 0.00e+00 |
| 1014  | 79948 | 4729  | +1.2264e+00 | 6.05e+02 | 1.95e-02 | 0.00e+00 |
| 1015  | 80027 | 4732  | +1.2124e+00 | 6.05e+02 | 1.94e-02 | 0.00e+00 |
| 1016  | 80106 | 4735  | +1.1983e+00 | 6.05e+02 | 1.93e-02 | 0.00e+00 |
| 1017  | 80185 | 4738  | +1.1843e+00 | 6.05e+02 | 1.92e-02 | 0.00e+00 |
| 1018  | 80264 | 4741  | +1.1703e+00 | 6.05e+02 | 1.91e-02 | 0.00e+00 |
| 1019  | 80343 | 4744  | +1.1563e+00 | 6.05e+02 | 1.90e-02 | 0.00e+00 |
| 1020  | 80422 | 4747  | +1.1423e+00 | 6.05e+02 | 1.89e-02 | 0.00e+00 |
| 1021  | 80501 | 4750  | +1.1283e+00 | 6.05e+02 | 1.88e-02 | 0.00e+00 |
| 1022  | 80580 | 4753  | +1.1143e+00 | 6.05e+02 | 1.87e-02 | 0.00e+00 |
| 1023  | 80659 | 4756  | +1.1003e+00 | 6.05e+02 | 1.86e-02 | 0.00e+00 |
| 1024  | 80738 | 4759  | +1.0864e+00 | 6.05e+02 | 1.85e-02 | 0.00e+00 |
| 1025  | 80817 | 4762  | +1.0724e+00 | 6.05e+02 | 1.84e-02 | 0.00e+00 |
| 1026  | 80896 | 4765  | +1.0585e+00 | 6.05e+02 | 1.83e-02 | 0.00e+00 |
| 1027  | 80975 | 4768  | +1.0446e+00 | 6.05e+02 | 1.82e-02 | 0.00e+00 |
| 1028  | 81054 | 4771  | +1.0307e+00 | 6.05e+02 | 1.81e-02 | 0.00e+00 |
| 1029  | 81133 | 4774  | +1.0168e+00 | 6.05e+02 | 1.80e-02 | 0.00e+00 |
| 1030  | 81212 | 4777  | +1.0029e+00 | 6.05e+02 | 1.79e-02 | 0.00e+00 |
| 1031  | 81291 | 4780  | +9.8904e-01 | 6.05e+02 | 1.78e-02 | 0.00e+00 |
| 1032  | 81370 | 4783  | +9.7519e-01 | 6.05e+02 | 1.77e-02 | 0.00e+00 |
| 1033  | 81449 | 4786  | +9.6134e-01 | 6.05e+02 | 1.76e-02 | 0.00e+00 |
| 1034  | 81528 | 4789  | +9.4750e-01 | 6.05e+02 | 1.75e-02 | 0.00e+00 |
| 1035  | 81607 | 4792  | +9.3368e-01 | 6.05e+02 | 1.74e-02 | 0.00e+00 |
| 1036  | 81686 | 4795  | +9.1987e-01 | 6.05e+02 | 1.73e-02 | 0.00e+00 |
| 1037  | 81765 | 4798  | +9.0607e-01 | 6.05e+02 | 1.72e-02 | 0.00e+00 |
| 1038  | 81844 | 4801  | +8.9228e-01 | 6.05e+02 | 1.71e-02 | 0.00e+00 |
| 1039  | 81923 | 4804  | +8.7849e-01 | 6.05e+02 | 1.70e-02 | 0.00e+00 |
| 1040  | 82002 | 4807  | +8.6471e-01 | 6.05e+02 | 1.69e-02 | 0.00e+00 |
| 1041  | 82081 | 4810  | +8.5094e-01 | 6.05e+02 | 1.68e-02 | 0.00e+00 |
| 1042  | 82160 | 4813  | +8.3718e-01 | 6.05e+02 | 1.67e-02 | 0.00e+00 |
| 1043  | 82239 | 4816  | +8.2343e-01 | 6.05e+02 | 1.66e-02 | 0.00e+00 |
| 1044  | 82318 | 4819  | +8.0969e-01 | 6.05e+02 | 1.65e-02 | 0.00e+00 |
| 1045  | 82397 | 4822  | +7.9597e-01 | 6.05e+02 | 1.64e-02 | 0.00e+00 |
| 1046  | 82476 | 4825  | +7.8226e-01 | 6.05e+02 | 1.63e-02 | 0.00e+00 |
| 1047  | 82555 | 4828  | +7.6856e-01 | 6.05e+02 | 1.63e-02 | 0.00e+00 |
| 1048  | 82634 | 4831  | +7.5487e-01 | 6.05e+02 | 1.62e-02 | 0.00e+00 |
| 1049  | 82713 | 4834  | +7.4119e-01 | 6.05e+02 | 1.61e-02 | 0.00e+00 |
| 1050  | 82792 | 4837  | +7.2753e-01 | 6.05e+02 | 1.60e-02 | 0.00e+00 |
| 1051  | 82871 | 4840  | +7.1387e-01 | 6.05e+02 | 1.59e-02 | 0.00e+00 |
| 1052  | 82950 | 4843  | +7.0023e-01 | 6.05e+02 | 1.58e-02 | 0.00e+00 |
| 1053  | 83029 | 4846  | +6.8660e-01 | 6.05e+02 | 1.57e-02 | 0.00e+00 |
| 1054  | 83108 | 4849  | +6.7299e-01 | 6.05e+02 | 1.56e-02 | 0.00e+00 |
| 1055  | 83187 | 4852  | +6.5938e-01 | 6.05e+02 | 1.55e-02 | 0.00e+00 |
| 1056  | 83266 | 4855  | +6.4579e-01 | 6.05e+02 | 1.54e-02 | 0.00e+00 |
| 1057  | 83345 | 4858  | +6.3221e-01 | 6.05e+02 | 1.53e-02 | 0.00e+00 |
| 1058  | 83424 | 4861  | +6.1865e-01 | 6.05e+02 | 1.52e-02 | 0.00e+00 |
| 1059  | 83503 | 4864  | +6.0509e-01 | 6.05e+02 | 1.51e-02 | 0.00e+00 |
| 1060  | 83582 | 4867  | +5.9155e-01 | 6.05e+02 | 1.50e-02 | 0.00e+00 |
| 1061  | 83661 | 4870  | +5.7802e-01 | 6.05e+02 | 1.49e-02 | 0.00e+00 |
| 1062  | 83740 | 4873  | +5.6450e-01 | 6.05e+02 | 1.48e-02 | 0.00e+00 |
| 1063  | 83819 | 4876  | +5.5099e-01 | 6.05e+02 | 1.47e-02 | 0.00e+00 |
| 1064  | 83898 | 4879  | +5.3750e-01 | 6.05e+02 | 1.46e-02 | 0.00e+00 |
| 1065  | 83977 | 4882  | +5.2402e-01 | 6.05e+02 | 1.46e-02 | 0.00e+00 |
| 1066  | 84056 | 4885  | +5.1055e-01 | 6.05e+02 | 1.45e-02 | 0.00e+00 |
| 1067  | 84135 | 4888  | +4.9710e-01 | 6.05e+02 | 1.44e-02 | 0.00e+00 |
| 1068  | 84214 | 4891  | +4.8366e-01 | 6.05e+02 | 1.43e-02 | 0.00e+00 |
| 1069  | 84293 | 4894  | +4.7023e-01 | 6.05e+02 | 1.42e-02 | 0.00e+00 |
| 1070  | 84372 | 4897  | +4.5681e-01 | 6.05e+02 | 1.41e-02 | 0.00e+00 |
| 1071  | 84451 | 4900  | +4.4341e-01 | 6.05e+02 | 1.40e-02 | 0.00e+00 |
| 1072  | 84530 | 4903  | +4.3002e-01 | 6.05e+02 | 1.39e-02 | 0.00e+00 |
| 1073  | 84609 | 4906  | +4.1664e-01 | 6.05e+02 | 1.38e-02 | 0.00e+00 |
| 1074  | 84688 | 4909  | +4.0328e-01 | 6.05e+02 | 1.37e-02 | 0.00e+00 |
| 1075  | 84767 | 4912  | +3.8993e-01 | 6.05e+02 | 1.36e-02 | 0.00e+00 |
| 1076  | 84846 | 4915  | +3.7659e-01 | 6.05e+02 | 1.36e-02 | 0.00e+00 |
| 1077  | 84925 | 4918  | +3.6327e-01 | 6.05e+02 | 1.35e-02 | 0.00e+00 |
| 1078  | 85004 | 4921  | +3.4996e-01 | 6.05e+02 | 1.34e-02 | 0.00e+00 |
| 1079  | 85083 | 4924  | +3.3666e-01 | 6.05e+02 | 1.33e-02 | 0.00e+00 |
| 1080  | 85162 | 4927  | +3.2338e-01 | 6.05e+02 | 1.32e-02 | 0.00e+00 |
| 1081  | 85241 | 4930  | +3.1012e-01 | 6.05e+02 | 1.31e-02 | 0.00e+00 |
| 1082  | 85320 | 4933  | +2.9686e-01 | 6.05e+02 | 1.30e-02 | 0.00e+00 |
| 1083  | 85399 | 4936  | +2.8362e-01 | 6.05e+02 | 1.29e-02 | 0.00e+00 |
| 1084  | 85478 | 4939  | +2.7040e-01 | 6.05e+02 | 1.28e-02 | 0.00e+00 |
| 1085  | 85557 | 4942  | +2.5719e-01 | 6.05e+02 | 1.28e-02 | 0.00e+00 |
| 1086  | 85636 | 4945  | +2.4399e-01 | 6.05e+02 | 1.27e-02 | 0.00e+00 |
| 1087  | 85715 | 4948  | +2.3081e-01 | 6.05e+02 | 1.26e-02 | 0.00e+00 |
| 1088  | 85794 | 4951  | +2.1764e-01 | 6.05e+02 | 1.25e-02 | 0.00e+00 |
| 1089  | 85873 | 4954  | +2.0449e-01 | 6.05e+02 | 1.24e-02 | 0.00e+00 |
| 1090  | 85952 | 4957  | +1.9135e-01 | 6.05e+02 | 1.23e-02 | 0.00e+00 |
| 1091  | 86031 | 4960  | +1.7822e-01 | 6.05e+02 | 1.22e-02 | 0.00e+00 |
| 1092  | 86110 | 4963  | +1.6512e-01 | 6.05e+02 | 1.21e-02 | 0.00e+00 |
| 1093  | 86189 | 4966  | +1.5202e-01 | 6.05e+02 | 1.21e-02 | 0.00e+00 |
| 1094  | 86268 | 4969  | +1.3895e-01 | 6.05e+02 | 1.20e-02 | 0.00e+00 |
| 1095  | 86347 | 4972  | +1.2589e-01 | 6.05e+02 | 1.19e-02 | 0.00e+00 |
| 1096  | 86426 | 4975  | +1.1284e-01 | 6.05e+02 | 1.18e-02 | 0.00e+00 |
| 1097  | 86505 | 4978  | +9.9810e-02 | 6.05e+02 | 1.17e-02 | 0.00e+00 |
| 1098  | 86584 | 4981  | +8.6796e-02 | 6.05e+02 | 1.16e-02 | 0.00e+00 |
| 1099  | 86663 | 4984  | +7.3798e-02 | 6.05e+02 | 1.16e-02 | 0.00e+00 |
| 1100  | 86742 | 4987  | +6.0817e-02 | 6.05e+02 | 1.15e-02 | 0.00e+00 |
| 1101  | 86821 | 4990  | +4.7853e-02 | 6.05e+02 | 1.14e-02 | 0.00e+00 |
| 1102  | 86900 | 4993  | +3.4906e-02 | 6.05e+02 | 1.13e-02 | 0.00e+00 |
| 1103  | 86979 | 4996  | +2.1976e-02 | 6.05e+02 | 1.12e-02 | 0.00e+00 |
| 1104  | 87058 | 4999  | +9.0637e-03 | 6.05e+02 | 1.11e-02 | 0.00e+00 |
| 1105  | 87137 | 5002  | -3.8310e-03 | 6.05e+02 | 1.11e-02 | 0.00e+00 |
| 1106  | 87216 | 5005  | -1.6708e-02 | 6.05e+02 | 1.10e-02 | 0.00e+00 |
| 1107  | 87295 | 5008  | -2.9566e-02 | 6.05e+02 | 1.09e-02 | 0.00e+00 |
| 1108  | 87374 | 5011  | -4.2404e-02 | 6.05e+02 | 1.08e-02 | 0.00e+00 |
| 1109  | 87453 | 5014  | -5.5218e-02 | 6.05e+02 | 1.07e-02 | 0.00e+00 |
| 1110  | 87532 | 5017  | -6.8014e-02 | 6.05e+02 | 1.06e-02 | 0.00e+00 |
| 1111  | 87611 | 5020  | -8.0791e-02 | 6.05e+02 | 1.06e-02 | 0.00e+00 |
| 1112  | 87690 | 5023  | -9.3549e-02 | 6.05e+02 | 1.05e-02 | 0.00e+00 |
| 1113  | 87769 | 5026  | -1.0629e-01 | 6.05e+02 | 1.04e-02 | 0.00e+00 |
| 1114  | 87848 | 5029  | -1.1901e-01 | 6.05e+02 | 1.03e-02 | 0.00e+00 |
| 1115  | 87927 | 5032  | -1.3170e-01 | 6.05e+02 | 1.02e-02 | 0.00e+00 |
| 1116  | 88006 | 5035  | -1.4438e-01 | 6.05e+02 | 1.02e-02 | 0.00e+00 |
| 1117  | 88085 | 5038  | -1.5704e-01 | 6.05e+02 | 1.01e-02 | 0.00e+00 |
| 1118  | 88164 | 5041  | -1.6967e-01 | 6.05e+02 | 1.00e-02 | 0.00e+00 |
| 1119  | 88243 | 5044  | -1.8228e-01 | 6.05e+02 | 9.92e-03 | 0.00e+00 |
| 1120  | 88322 | 5047  | -1.9488e-01 | 6.05e+02 | 9.84e-03 | 0.00e+00 |
| 1121  | 88401 | 5050  | -2.0744e-01 | 6.05e+02 | 9.76e-03 | 0.00e+00 |
| 1122  | 88480 | 5053  | -2.1999e-01 | 6.05e+02 | 9.68e-03 | 0.00e+00 |
| 1123  | 88559 | 5056  | -2.3251e-01 | 6.05e+02 | 9.60e-03 | 0.00e+00 |
| 1124  | 88638 | 5059  | -2.4500e-01 | 6.05e+02 | 9.52e-03 | 0.00e+00 |
| 1125  | 88717 | 5062  | -2.5747e-01 | 6.05e+02 | 9.45e-03 | 0.00e+00 |
| 1126  | 88796 | 5065  | -2.6992e-01 | 6.05e+02 | 9.37e-03 | 0.00e+00 |
| 1127  | 88875 | 5068  | -2.8235e-01 | 6.05e+02 | 9.29e-03 | 0.00e+00 |
| 1128  | 88954 | 5071  | -2.9474e-01 | 6.05e+02 | 9.21e-03 | 0.00e+00 |
| 1129  | 89033 | 5074  | -3.0712e-01 | 6.05e+02 | 9.14e-03 | 0.00e+00 |
| 1130  | 89112 | 5077  | -3.1946e-01 | 6.05e+02 | 9.06e-03 | 0.00e+00 |
| 1131  | 89191 | 5080  | -3.3178e-01 | 6.05e+02 | 8.99e-03 | 0.00e+00 |
| 1132  | 89270 | 5083  | -3.4407e-01 | 6.05e+02 | 8.91e-03 | 0.00e+00 |
| 1133  | 89349 | 5086  | -3.5634e-01 | 6.05e+02 | 8.83e-03 | 0.00e+00 |
| 1134  | 89428 | 5089  | -3.6857e-01 | 6.05e+02 | 8.76e-03 | 0.00e+00 |
| 1135  | 89507 | 5092  | -3.8078e-01 | 6.05e+02 | 8.68e-03 | 0.00e+00 |
| 1136  | 89586 | 5095  | -3.9296e-01 | 6.05e+02 | 8.61e-03 | 0.00e+00 |
| 1137  | 89665 | 5098  | -4.0511e-01 | 6.05e+02 | 8.54e-03 | 0.00e+00 |
| 1138  | 89744 | 5101  | -4.1722e-01 | 6.05e+02 | 8.46e-03 | 0.00e+00 |
| 1139  | 89823 | 5104  | -4.2930e-01 | 6.05e+02 | 8.39e-03 | 0.00e+00 |
| 1140  | 89902 | 5107  | -4.4135e-01 | 6.05e+02 | 8.31e-03 | 0.00e+00 |
| 1141  | 89981 | 5110  | -4.5338e-01 | 6.05e+02 | 8.24e-03 | 0.00e+00 |
| 1142  | 90060 | 5113  | -4.6536e-01 | 6.05e+02 | 8.17e-03 | 0.00e+00 |
| 1143  | 90139 | 5116  | -4.7731e-01 | 6.05e+02 | 8.10e-03 | 0.00e+00 |
| 1144  | 90218 | 5119  | -4.8922e-01 | 6.05e+02 | 8.02e-03 | 0.00e+00 |
| 1145  | 90297 | 5122  | -5.0110e-01 | 6.05e+02 | 7.95e-03 | 0.00e+00 |
| 1146  | 90376 | 5125  | -5.1293e-01 | 6.05e+02 | 7.88e-03 | 0.00e+00 |
| 1147  | 90455 | 5128  | -5.2473e-01 | 6.05e+02 | 7.81e-03 | 0.00e+00 |
| 1148  | 90534 | 5131  | -5.3649e-01 | 6.05e+02 | 7.74e-03 | 0.00e+00 |
| 1149  | 90613 | 5134  | -5.4818e-01 | 6.05e+02 | 7.67e-03 | 0.00e+00 |
| 1150  | 90692 | 5137  | -5.5985e-01 | 6.05e+02 | 7.60e-03 | 0.00e+00 |
| 1151  | 90771 | 5140  | -5.7148e-01 | 6.05e+02 | 7.53e-03 | 0.00e+00 |
| 1152  | 90850 | 5143  | -5.8306e-01 | 6.05e+02 | 7.46e-03 | 0.00e+00 |
| 1153  | 90929 | 5146  | -5.9459e-01 | 6.05e+02 | 7.39e-03 | 0.00e+00 |
| 1154  | 91008 | 5149  | -6.0608e-01 | 6.05e+02 | 7.32e-03 | 0.00e+00 |
| 1155  | 91087 | 5152  | -6.1751e-01 | 6.05e+02 | 7.25e-03 | 0.00e+00 |
| 1156  | 91166 | 5155  | -6.2889e-01 | 6.05e+02 | 7.18e-03 | 0.00e+00 |
| 1157  | 91245 | 5158  | -6.4022e-01 | 6.05e+02 | 7.12e-03 | 0.00e+00 |
| 1158  | 91324 | 5161  | -6.5149e-01 | 6.05e+02 | 7.05e-03 | 0.00e+00 |
| 1159  | 91403 | 5164  | -6.6271e-01 | 6.05e+02 | 6.98e-03 | 0.00e+00 |
| 1160  | 91482 | 5167  | -6.7386e-01 | 6.05e+02 | 6.91e-03 | 0.00e+00 |
| 1161  | 91561 | 5170  | -6.8496e-01 | 6.05e+02 | 6.85e-03 | 0.00e+00 |
| 1162  | 91640 | 5173  | -6.9599e-01 | 6.05e+02 | 6.78e-03 | 0.00e+00 |
| 1163  | 91719 | 5176  | -7.0696e-01 | 6.05e+02 | 6.72e-03 | 0.00e+00 |
| 1164  | 91798 | 5179  | -7.1787e-01 | 6.05e+02 | 6.65e-03 | 0.00e+00 |
| 1165  | 91877 | 5181  | -7.2691e-01 | 6.05e+02 | 6.60e-03 | 0.00e+00 |
| 1166  | 91956 | 5183  | -7.3593e-01 | 6.05e+02 | 6.54e-03 | 0.00e+00 |
| 1167  | 92035 | 5185  | -7.4493e-01 | 6.05e+02 | 6.49e-03 | 0.00e+00 |
| 1168  | 92114 | 5187  | -7.5392e-01 | 6.05e+02 | 6.44e-03 | 0.00e+00 |
| 1169  | 92193 | 5189  | -7.6289e-01 | 6.05e+02 | 6.38e-03 | 0.00e+00 |
| 1170  | 92272 | 5191  | -7.7185e-01 | 6.05e+02 | 6.33e-03 | 0.00e+00 |
| 1171  | 92351 | 5193  | -7.8079e-01 | 6.05e+02 | 6.28e-03 | 0.00e+00 |
| 1172  | 92430 | 5195  | -7.8971e-01 | 6.05e+02 | 6.22e-03 | 0.00e+00 |
| 1173  | 92509 | 5197  | -7.9861e-01 | 6.05e+02 | 6.17e-03 | 0.00e+00 |
| 1174  | 92588 | 5199  | -8.0749e-01 | 6.05e+02 | 6.12e-03 | 0.00e+00 |
| 1175  | 92667 | 5201  | -8.1636e-01 | 6.05e+02 | 6.07e-03 | 0.00e+00 |
| 1176  | 92746 | 5203  | -8.2521e-01 | 6.05e+02 | 6.01e-03 | 0.00e+00 |
| 1177  | 92825 | 5205  | -8.3404e-01 | 6.05e+02 | 5.96e-03 | 0.00e+00 |
| 1178  | 92904 | 5207  | -8.4285e-01 | 6.05e+02 | 5.91e-03 | 0.00e+00 |
| 1179  | 92983 | 5209  | -8.5165e-01 | 6.05e+02 | 5.86e-03 | 0.00e+00 |
| 1180  | 93062 | 5211  | -8.6044e-01 | 6.05e+02 | 5.81e-03 | 0.00e+00 |
| 1181  | 93141 | 5213  | -8.6920e-01 | 6.05e+02 | 5.75e-03 | 0.00e+00 |
| 1182  | 93220 | 5215  | -8.7795e-01 | 6.05e+02 | 5.70e-03 | 0.00e+00 |
| 1183  | 93299 | 5217  | -8.8669e-01 | 6.05e+02 | 5.65e-03 | 0.00e+00 |
| 1184  | 93378 | 5219  | -8.9541e-01 | 6.05e+02 | 5.60e-03 | 0.00e+00 |
| 1185  | 93457 | 5221  | -9.0411e-01 | 6.05e+02 | 5.55e-03 | 0.00e+00 |
| 1186  | 93536 | 5223  | -9.1280e-01 | 6.05e+02 | 5.50e-03 | 0.00e+00 |
| 1187  | 93615 | 5225  | -9.2147e-01 | 6.05e+02 | 5.45e-03 | 0.00e+00 |
| 1188  | 93694 | 5227  | -9.3013e-01 | 6.05e+02 | 5.40e-03 | 0.00e+00 |
| 1189  | 93773 | 5229  | -9.3877e-01 | 6.05e+02 | 5.35e-03 | 0.00e+00 |
| 1190  | 93852 | 5231  | -9.4739e-01 | 6.05e+02 | 5.30e-03 | 0.00e+00 |
| 1191  | 93931 | 5233  | -9.5601e-01 | 6.05e+02 | 5.25e-03 | 0.00e+00 |
| 1192  | 94010 | 5235  | -9.6460e-01 | 6.05e+02 | 5.20e-03 | 0.00e+00 |
| 1193  | 94089 | 5237  | -9.7318e-01 | 6.05e+02 | 5.15e-03 | 0.00e+00 |
| 1194  | 94168 | 5239  | -9.8175e-01 | 6.05e+02 | 5.10e-03 | 0.00e+00 |
| 1195  | 94247 | 5241  | -9.9030e-01 | 6.05e+02 | 5.05e-03 | 0.00e+00 |
| 1196  | 94326 | 5243  | -9.9884e-01 | 6.05e+02 | 5.00e-03 | 0.00e+00 |
| 1197  | 94405 | 5245  | -1.0074e+00 | 6.05e+02 | 4.95e-03 | 0.00e+00 |
| 1198  | 94484 | 5247  | -1.0159e+00 | 6.05e+02 | 4.90e-03 | 0.00e+00 |
| 1199  | 94563 | 5249  | -1.0244e+00 | 6.05e+02 | 4.85e-03 | 0.00e+00 |
| 1200  | 94642 | 5251  | -1.0328e+00 | 6.05e+02 | 4.81e-03 | 0.00e+00 |
| 1201  | 94721 | 5253  | -1.0413e+00 | 6.05e+02 | 4.76e-03 | 0.00e+00 |
| 1202  | 94800 | 5255  | -1.0498e+00 | 6.05e+02 | 4.71e-03 | 0.00e+00 |
| 1203  | 94879 | 5257  | -1.0582e+00 | 6.05e+02 | 4.66e-03 | 0.00e+00 |
| 1204  | 94958 | 5259  | -1.0666e+00 | 6.05e+02 | 4.61e-03 | 0.00e+00 |
| 1205  | 95037 | 5261  | -1.0750e+00 | 6.05e+02 | 4.57e-03 | 0.00e+00 |
| 1206  | 95116 | 5263  | -1.0834e+00 | 6.05e+02 | 4.52e-03 | 0.00e+00 |
| 1207  | 95195 | 5265  | -1.0918e+00 | 6.05e+02 | 4.47e-03 | 0.00e+00 |
| 1208  | 95274 | 5267  | -1.1001e+00 | 6.05e+02 | 4.42e-03 | 0.00e+00 |
| 1209  | 95353 | 5269  | -1.1085e+00 | 6.05e+02 | 4.38e-03 | 0.00e+00 |
| 1210  | 95432 | 5271  | -1.1168e+00 | 6.05e+02 | 4.33e-03 | 0.00e+00 |
| 1211  | 95511 | 5273  | -1.1251e+00 | 6.05e+02 | 4.29e-03 | 0.00e+00 |
| 1212  | 95590 | 5275  | -1.1334e+00 | 6.05e+02 | 4.24e-03 | 0.00e+00 |
| 1213  | 95669 | 5277  | -1.1417e+00 | 6.05e+02 | 4.19e-03 | 0.00e+00 |
| 1214  | 95748 | 5279  | -1.1499e+00 | 6.05e+02 | 4.15e-03 | 0.00e+00 |
| 1215  | 95827 | 5281  | -1.1582e+00 | 6.05e+02 | 4.10e-03 | 0.00e+00 |
| 1216  | 95906 | 5283  | -1.1664e+00 | 6.05e+02 | 4.06e-03 | 0.00e+00 |
| 1217  | 95985 | 5285  | -1.1747e+00 | 6.05e+02 | 4.01e-03 | 0.00e+00 |
| 1218  | 96064 | 5287  | -1.1829e+00 | 6.05e+02 | 3.97e-03 | 0.00e+00 |
| 1219  | 96143 | 5289  | -1.1910e+00 | 6.05e+02 | 3.92e-03 | 0.00e+00 |
| 1220  | 96222 | 5291  | -1.1992e+00 | 6.05e+02 | 3.88e-03 | 0.00e+00 |
| 1221  | 96301 | 5293  | -1.2074e+00 | 6.05e+02 | 3.83e-03 | 0.00e+00 |
| 1222  | 96380 | 5295  | -1.2155e+00 | 6.05e+02 | 3.79e-03 | 0.00e+00 |
| 1223  | 96459 | 5297  | -1.2236e+00 | 6.05e+02 | 3.74e-03 | 0.00e+00 |
| 1224  | 96538 | 5299  | -1.2317e+00 | 6.05e+02 | 3.70e-03 | 0.00e+00 |
| 1225  | 96617 | 5301  | -1.2398e+00 | 6.05e+02 | 3.66e-03 | 0.00e+00 |
| 1226  | 96696 | 5303  | -1.2479e+00 | 6.05e+02 | 3.61e-03 | 0.00e+00 |
| 1227  | 96775 | 5305  | -1.2559e+00 | 6.05e+02 | 3.57e-03 | 0.00e+00 |
| 1228  | 96854 | 5307  | -1.2640e+00 | 6.05e+02 | 3.53e-03 | 0.00e+00 |
| 1229  | 96933 | 5309  | -1.2720e+00 | 6.05e+02 | 3.49e-03 | 0.00e+00 |
| 1230  | 97012 | 5311  | -1.2800e+00 | 6.05e+02 | 3.44e-03 | 0.00e+00 |
| 1231  | 97091 | 5313  | -1.2880e+00 | 6.05e+02 | 3.40e-03 | 0.00e+00 |
| 1232  | 97170 | 5315  | -1.2959e+00 | 6.05e+02 | 3.36e-03 | 0.00e+00 |
| 1233  | 97249 | 5317  | -1.3039e+00 | 6.05e+02 | 3.32e-03 | 0.00e+00 |
| 1234  | 97328 | 5319  | -1.3118e+00 | 6.05e+02 | 3.28e-03 | 0.00e+00 |
| 1235  | 97407 | 5321  | -1.3197e+00 | 6.05e+02 | 3.24e-03 | 0.00e+00 |
| 1236  | 97486 | 5323  | -1.3276e+00 | 6.05e+02 | 3.19e-03 | 0.00e+00 |
| 1237  | 97565 | 5325  | -1.3355e+00 | 6.05e+02 | 3.15e-03 | 0.00e+00 |
| 1238  | 97644 | 5327  | -1.3434e+00 | 6.05e+02 | 3.11e-03 | 0.00e+00 |
| 1239  | 97723 | 5329  | -1.3512e+00 | 6.05e+02 | 3.07e-03 | 0.00e+00 |
| 1240  | 97802 | 5331  | -1.3590e+00 | 6.05e+02 | 3.03e-03 | 0.00e+00 |
| 1241  | 97881 | 5333  | -1.3668e+00 | 6.05e+02 | 2.99e-03 | 0.00e+00 |
| 1242  | 97960 | 5335  | -1.3746e+00 | 6.05e+02 | 2.95e-03 | 0.00e+00 |
| 1243  | 98039 | 5337  | -1.3824e+00 | 6.05e+02 | 2.91e-03 | 0.00e+00 |
| 1244  | 98118 | 5339  | -1.3901e+00 | 6.05e+02 | 2.87e-03 | 0.00e+00 |
| 1245  | 98197 | 5341  | -1.3978e+00 | 6.05e+02 | 2.84e-03 | 0.00e+00 |
| 1246  | 98276 | 5343  | -1.4055e+00 | 6.05e+02 | 2.80e-03 | 0.00e+00 |
| 1247  | 98355 | 5345  | -1.4132e+00 | 6.05e+02 | 2.76e-03 | 0.00e+00 |
| 1248  | 98434 | 5347  | -1.4208e+00 | 6.05e+02 | 2.72e-03 | 0.00e+00 |
| 1249  | 98513 | 5349  | -1.4285e+00 | 6.05e+02 | 2.68e-03 | 0.00e+00 |
| 1250  | 98592 | 5351  | -1.4361e+00 | 6.05e+02 | 2.65e-03 | 0.00e+00 |
| 1251  | 98671 | 5353  | -1.4436e+00 | 6.05e+02 | 2.61e-03 | 0.00e+00 |
| 1252  | 98750 | 5355  | -1.4512e+00 | 6.05e+02 | 2.57e-03 | 0.00e+00 |
| 1253  | 98829 | 5357  | -1.4587e+00 | 6.05e+02 | 2.53e-03 | 0.00e+00 |
| 1254  | 98908 | 5359  | -1.4662e+00 | 6.05e+02 | 2.50e-03 | 0.00e+00 |
| 1255  | 98987 | 5361  | -1.4737e+00 | 6.05e+02 | 2.46e-03 | 0.00e+00 |
| 1256  | 99066 | 5363  | -1.4812e+00 | 6.05e+02 | 2.42e-03 | 0.00e+00 |
| 1257  | 99145 | 5365  | -1.4886e+00 | 6.05e+02 | 2.39e-03 | 0.00e+00 |
| 1258  | 99224 | 5367  | -1.4960e+00 | 6.05e+02 | 2.35e-03 | 0.00e+00 |
| 1259  | 99303 | 5369  | -1.5034e+00 | 6.05e+02 | 2.32e-03 | 0.00e+00 |
| 1260  | 99382 | 5371  | -1.5108e+00 | 6.05e+02 | 2.28e-03 | 0.00e+00 |
| 1261  | 99461 | 5373  | -1.5181e+00 | 6.05e+02 | 2.25e-03 | 0.00e+00 |
| 1262  | 99540 | 5375  | -1.5254e+00 | 6.05e+02 | 2.21e-03 | 0.00e+00 |
| 1263  | 99619 | 5377  | -1.5326e+00 | 6.05e+02 | 2.18e-03 | 0.00e+00 |
| 1264  | 99698 | 5379  | -1.5399e+00 | 6.05e+02 | 2.15e-03 | 0.00e+00 |
| 1265  | 99777 | 5381  | -1.5471e+00 | 6.05e+02 | 2.11e-03 | 0.00e+00 |
| 1266  | 99856 | 5383  | -1.5543e+00 | 6.05e+02 | 2.08e-03 | 0.00e+00 |
| 1267  | 99935 | 5385  | -1.5614e+00 | 6.05e+02 | 2.05e-03 | 0.00e+00 |
| 1268  |100014 | 5387  | -1.5685e+00 | 6.05e+02 | 2.01e-03 | 0.00e+00 |
| 1269  |100093 | 5389  | -1.5756e+00 | 6.05e+02 | 1.98e-03 | 0.00e+00 |
| 1270  |100172 | 5391  | -1.5827e+00 | 6.05e+02 | 1.95e-03 | 0.00e+00 |
| 1271  |100251 | 5393  | -1.5897e+00 | 6.05e+02 | 1.92e-03 | 0.00e+00 |
| 1272  |100330 | 5395  | -1.5967e+00 | 6.05e+02 | 1.88e-03 | 0.00e+00 |
| 1273  |100409 | 5397  | -1.6036e+00 | 6.05e+02 | 1.85e-03 | 0.00e+00 |
| 1274  |100488 | 5399  | -1.6105e+00 | 6.05e+02 | 1.82e-03 | 0.00e+00 |
| 1275  |100567 | 5401  | -1.6174e+00 | 6.05e+02 | 1.79e-03 | 0.00e+00 |
| 1276  |100646 | 5403  | -1.6242e+00 | 6.05e+02 | 1.76e-03 | 0.00e+00 |
| 1277  |100725 | 5405  | -1.6310e+00 | 6.05e+02 | 1.73e-03 | 0.00e+00 |
| 1278  |100804 | 5408  | -1.6382e+00 | 6.05e+02 | 1.70e-03 | 0.00e+00 |
| 1279  |100883 | 5411  | -1.6453e+00 | 6.05e+02 | 1.67e-03 | 0.00e+00 |
| 1280  |100962 | 5414  | -1.6524e+00 | 6.05e+02 | 1.64e-03 | 0.00e+00 |
| 1281  |101041 | 5417  | -1.6595e+00 | 6.05e+02 | 1.61e-03 | 0.00e+00 |
| 1282  |101120 | 5420  | -1.6664e+00 | 6.05e+02 | 1.57e-03 | 0.00e+00 |
| 1283  |101199 | 5423  | -1.6734e+00 | 6.05e+02 | 1.54e-03 | 0.00e+00 |
| 1284  |101278 | 5426  | -1.6802e+00 | 6.05e+02 | 1.51e-03 | 0.00e+00 |
| 1285  |101357 | 5429  | -1.6870e+00 | 6.05e+02 | 1.49e-03 | 0.00e+00 |
| 1286  |101436 | 5432  | -1.6938e+00 | 6.05e+02 | 1.46e-03 | 0.00e+00 |
| 1287  |101515 | 5435  | -1.7004e+00 | 6.05e+02 | 1.43e-03 | 0.00e+00 |
| 1288  |101594 | 5438  | -1.7070e+00 | 6.05e+02 | 1.40e-03 | 0.00e+00 |
| 1289  |101673 | 5441  | -1.7136e+00 | 6.05e+02 | 1.37e-03 | 0.00e+00 |
| 1290  |101752 | 5444  | -1.7200e+00 | 6.05e+02 | 1.34e-03 | 0.00e+00 |
| 1291  |101831 | 5447  | -1.7264e+00 | 6.05e+02 | 1.31e-03 | 0.00e+00 |
| 1292  |101910 | 5450  | -1.7328e+00 | 6.05e+02 | 1.29e-03 | 0.00e+00 |
| 1293  |101989 | 5453  | -1.7390e+00 | 6.05e+02 | 1.26e-03 | 0.00e+00 |
| 1294  |102068 | 5456  | -1.7452e+00 | 6.05e+02 | 1.23e-03 | 0.00e+00 |
| 1295  |102147 | 5459  | -1.7512e+00 | 6.05e+02 | 1.21e-03 | 0.00e+00 |
| 1296  |102226 | 5462  | -1.7572e+00 | 6.05e+02 | 1.18e-03 | 0.00e+00 |
| 1297  |102305 | 5465  | -1.7631e+00 | 6.05e+02 | 1.15e-03 | 0.00e+00 |
| 1298  |102384 | 5468  | -1.7689e+00 | 6.05e+02 | 1.13e-03 | 0.00e+00 |
| 1299  |102463 | 5471  | -1.7745e+00 | 6.05e+02 | 1.10e-03 | 0.00e+00 |
| 1300  |102542 | 5474  | -1.7801e+00 | 6.05e+02 | 1.08e-03 | 0.00e+00 |
| 1301  |102621 | 5477  | -1.7855e+00 | 6.05e+02 | 1.05e-03 | 0.00e+00 |
| 1302  |102700 | 5480  | -1.7909e+00 | 6.05e+02 | 1.03e-03 | 0.00e+00 |
| 1303  |102779 | 5483  | -1.7961e+00 | 6.05e+02 | 1.01e-03 | 0.00e+00 |
| 1304  |102858 | 5486  | -1.8012e+00 | 6.05e+02 | 9.83e-04 | 0.00e+00 |
| 1305  |102937 | 5490  | -1.8065e+00 | 6.05e+02 | 9.61e-04 | 0.00e+00 |
| 1306  |103016 | 5494  | -1.8118e+00 | 6.05e+02 | 9.39e-04 | 0.00e+00 |
| 1307  |103095 | 5498  | -1.8168e+00 | 6.05e+02 | 9.18e-04 | 0.00e+00 |
| 1308  |103174 | 5502  | -1.8218e+00 | 6.05e+02 | 8.97e-04 | 0.00e+00 |
| 1309  |103253 | 5506  | -1.8265e+00 | 6.05e+02 | 8.77e-04 | 0.00e+00 |
| 1310  |103332 | 5510  | -1.8311e+00 | 6.05e+02 | 8.58e-04 | 0.00e+00 |
| 1311  |103411 | 5514  | -1.8356e+00 | 6.05e+02 | 8.39e-04 | 0.00e+00 |
| 1312  |103490 | 5518  | -1.8398e+00 | 6.05e+02 | 8.20e-04 | 0.00e+00 |
| 1313  |103569 | 5522  | -1.8439e+00 | 6.05e+02 | 8.02e-04 | 0.00e+00 |
| 1314  |103648 | 5526  | -1.8479e+00 | 6.05e+02 | 7.84e-04 | 0.00e+00 |
| 1315  |103727 | 5530  | -1.8517e+00 | 6.05e+02 | 7.67e-04 | 0.00e+00 |
| 1316  |103806 | 5534  | -1.8553e+00 | 6.05e+02 | 7.50e-04 | 0.00e+00 |
| 1317  |103885 | 5538  | -1.8588e+00 | 6.05e+02 | 7.33e-04 | 0.00e+00 |
| 1318  |103964 | 5542  | -1.8621e+00 | 6.05e+02 | 7.17e-04 | 0.00e+00 |
| 1319  |104043 | 5546  | -1.8653e+00 | 6.05e+02 | 7.01e-04 | 0.00e+00 |
| 1320  |104122 | 5550  | -1.8684e+00 | 6.05e+02 | 6.86e-04 | 0.00e+00 |
| 1321  |104201 | 5554  | -1.8713e+00 | 6.05e+02 | 6.70e-04 | 0.00e+00 |
| 1322  |104280 | 5558  | -1.8741e+00 | 6.05e+02 | 6.56e-04 | 0.00e+00 |
| 1323  |104359 | 5562  | -1.8768e+00 | 6.05e+02 | 6.41e-04 | 0.00e+00 |
| 1324  |104438 | 5566  | -1.8794e+00 | 6.05e+02 | 6.27e-04 | 0.00e+00 |
| 1325  |104517 | 5570  | -1.8818e+00 | 6.05e+02 | 6.13e-04 | 0.00e+00 |
| 1326  |104596 | 5574  | -1.8842e+00 | 6.05e+02 | 5.99e-04 | 0.00e+00 |
| 1327  |104675 | 5576  | -1.8858e+00 | 6.05e+02 | 5.86e-04 | 0.00e+00 |
| 1328  |104754 | 5578  | -1.8875e+00 | 6.05e+02 | 5.73e-04 | 0.00e+00 |
| 1329  |104833 | 5580  | -1.8892e+00 | 6.05e+02 | 5.61e-04 | 0.00e+00 |
| 1330  |104912 | 5582  | -1.8908e+00 | 6.05e+02 | 5.49e-04 | 0.00e+00 |
| 1331  |104991 | 5584  | -1.8925e+00 | 6.05e+02 | 5.36e-04 | 0.00e+00 |
| 1332  |105070 | 5586  | -1.8941e+00 | 6.05e+02 | 5.24e-04 | 0.00e+00 |
| 1333  |105149 | 5588  | -1.8957e+00 | 6.05e+02 | 5.12e-04 | 0.00e+00 |
| 1334  |105228 | 5590  | -1.8973e+00 | 6.05e+02 | 5.00e-04 | 0.00e+00 |
| 1335  |105307 | 5592  | -1.8988e+00 | 6.05e+02 | 4.89e-04 | 0.00e+00 |
| 1336  |105386 | 5594  | -1.9004e+00 | 6.05e+02 | 4.77e-04 | 0.00e+00 |
| 1337  |105465 | 5596  | -1.9019e+00 | 6.05e+02 | 4.66e-04 | 0.00e+00 |
| 1338  |105544 | 5598  | -1.9034e+00 | 6.05e+02 | 4.54e-04 | 0.00e+00 |
| 1339  |105623 | 5600  | -1.9049e+00 | 6.05e+02 | 4.43e-04 | 0.00e+00 |
| 1340  |105702 | 5602  | -1.9064e+00 | 6.05e+02 | 4.32e-04 | 0.00e+00 |
| 1341  |105781 | 5604  | -1.9078e+00 | 6.05e+02 | 4.21e-04 | 0.00e+00 |
| 1342  |105860 | 5606  | -1.9092e+00 | 6.05e+02 | 4.10e-04 | 0.00e+00 |
| 1343  |105939 | 5608  | -1.9106e+00 | 6.05e+02 | 4.00e-04 | 0.00e+00 |
| 1344  |106018 | 5611  | -1.9122e+00 | 6.05e+02 | 3.89e-04 | 0.00e+00 |
| 1345  |106097 | 5613  | -1.9135e+00 | 6.05e+02 | 3.79e-04 | 0.00e+00 |
| 1346  |106176 | 5616  | -1.9150e+00 | 6.05e+02 | 3.68e-04 | 0.00e+00 |
| 1347  |106255 | 5619  | -1.9165e+00 | 6.05e+02 | 3.58e-04 | 0.00e+00 |
| 1348  |106334 | 5622  | -1.9179e+00 | 6.05e+02 | 3.48e-04 | 0.00e+00 |
| 1349  |106413 | 5625  | -1.9193e+00 | 6.05e+02 | 3.38e-04 | 0.00e+00 |
| 1350  |106492 | 5628  | -1.9207e+00 | 6.05e+02 | 3.28e-04 | 0.00e+00 |
| 1351  |106571 | 5631  | -1.9220e+00 | 6.05e+02 | 3.19e-04 | 0.00e+00 |
| 1352  |106650 | 5634  | -1.9233e+00 | 6.05e+02 | 3.10e-04 | 0.00e+00 |
| 1353  |106729 | 5637  | -1.9247e+00 | 6.05e+02 | 3.00e-04 | 0.00e+00 |
| 1354  |106808 | 5640  | -1.9259e+00 | 6.05e+02 | 2.91e-04 | 0.00e+00 |
| 1355  |106887 | 5643  | -1.9272e+00 | 6.05e+02 | 2.83e-04 | 0.00e+00 |
| 1356  |106966 | 5646  | -1.9284e+00 | 6.05e+02 | 2.74e-04 | 0.00e+00 |
| 1357  |107045 | 5649  | -1.9297e+00 | 6.05e+02 | 2.66e-04 | 0.00e+00 |
| 1358  |107124 | 5652  | -1.9309e+00 | 6.05e+02 | 2.57e-04 | 0.00e+00 |
| 1359  |107203 | 5655  | -1.9320e+00 | 6.05e+02 | 2.49e-04 | 0.00e+00 |
| 1360  |107282 | 5658  | -1.9332e+00 | 6.05e+02 | 2.41e-04 | 0.00e+00 |
| 1361  |107361 | 5661  | -1.9343e+00 | 6.05e+02 | 2.33e-04 | 0.00e+00 |
| 1362  |107440 | 5664  | -1.9355e+00 | 6.05e+02 | 2.26e-04 | 0.00e+00 |
| 1363  |107519 | 5667  | -1.9366e+00 | 6.05e+02 | 2.18e-04 | 0.00e+00 |
| 1364  |107598 | 5670  | -1.9376e+00 | 6.05e+02 | 2.14e-04 | 0.00e+00 |
| 1365  |107677 | 5673  | -1.9387e+00 | 6.05e+02 | 2.15e-04 | 0.00e+00 |
| 1366  |107756 | 5676  | -1.9397e+00 | 6.05e+02 | 2.15e-04 | 0.00e+00 |
| 1367  |107835 | 5679  | -1.9408e+00 | 6.05e+02 | 2.16e-04 | 0.00e+00 |
| 1368  |107914 | 5682  | -1.9418e+00 | 6.05e+02 | 2.16e-04 | 0.00e+00 |
| 1369  |107993 | 5685  | -1.9427e+00 | 6.05e+02 | 2.16e-04 | 0.00e+00 |
| 1370  |108072 | 5688  | -1.9437e+00 | 6.05e+02 | 2.17e-04 | 0.00e+00 |
| 1371  |108151 | 5691  | -1.9446e+00 | 6.05e+02 | 2.17e-04 | 0.00e+00 |
| 1372  |108230 | 5694  | -1.9455e+00 | 6.05e+02 | 2.17e-04 | 0.00e+00 |
| 1373  |108230 | 5694  | -1.9455e+00 | 3.03e+03 | 6.06e-04 | 0.00e+00 |
| 1374  |108309 | 5701  | -1.9808e+00 | 3.03e+03 | 5.80e-04 | 0.00e+00 |
| 1375  |108388 | 5711  | -2.0528e+00 | 3.03e+03 | 5.36e-04 | 0.00e+00 |
| 1376  |108467 | 5723  | -2.1157e+00 | 3.03e+03 | 4.97e-04 | 0.00e+00 |
| 1377  |108546 | 5736  | -2.1485e+00 | 3.03e+03 | 4.75e-04 | 0.00e+00 |
| 1378  |108625 | 5746  | -2.1609e+00 | 3.03e+03 | 4.66e-04 | 0.00e+00 |
| 1379  |108704 | 5754  | -2.1694e+00 | 3.03e+03 | 4.63e-04 | 0.00e+00 |
| 1380  |108783 | 5761  | -2.1760e+00 | 3.03e+03 | 4.60e-04 | 0.00e+00 |
| 1381  |108862 | 5768  | -2.1821e+00 | 3.03e+03 | 4.56e-04 | 0.00e+00 |
| 1382  |108941 | 5776  | -2.1880e+00 | 3.03e+03 | 4.50e-04 | 0.00e+00 |
| 1383  |109020 | 5781  | -2.1908e+00 | 3.03e+03 | 4.44e-04 | 0.00e+00 |
| 1384  |109099 | 5786  | -2.1937e+00 | 3.03e+03 | 4.38e-04 | 0.00e+00 |
| 1385  |109178 | 5791  | -2.1967e+00 | 3.03e+03 | 4.31e-04 | 0.00e+00 |
| 1386  |109257 | 5797  | -2.1997e+00 | 3.03e+03 | 4.24e-04 | 0.00e+00 |
| 1387  |109336 | 5803  | -2.2027e+00 | 3.03e+03 | 4.16e-04 | 0.00e+00 |
| 1388  |109415 | 5809  | -2.2057e+00 | 3.03e+03 | 4.09e-04 | 0.00e+00 |
| 1389  |109494 | 5815  | -2.2087e+00 | 3.03e+03 | 4.01e-04 | 0.00e+00 |
| 1390  |109573 | 5821  | -2.2116e+00 | 3.03e+03 | 3.93e-04 | 0.00e+00 |
| 1391  |109652 | 5827  | -2.2145e+00 | 3.03e+03 | 3.85e-04 | 0.00e+00 |
| 1392  |109731 | 5833  | -2.2173e+00 | 3.03e+03 | 3.77e-04 | 0.00e+00 |
| 1393  |109810 | 5839  | -2.2200e+00 | 3.03e+03 | 3.70e-04 | 0.00e+00 |
| 1394  |109889 | 5845  | -2.2226e+00 | 3.03e+03 | 3.62e-04 | 0.00e+00 |
| 1395  |109968 | 5851  | -2.2252e+00 | 3.03e+03 | 3.54e-04 | 0.00e+00 |
| 1396  |110047 | 5857  | -2.2277e+00 | 3.03e+03 | 3.46e-04 | 0.00e+00 |
| 1397  |110126 | 5863  | -2.2301e+00 | 3.03e+03 | 3.38e-04 | 0.00e+00 |
| 1398  |110205 | 5868  | -2.2321e+00 | 3.03e+03 | 3.31e-04 | 0.00e+00 |
| 1399  |110284 | 5873  | -2.2340e+00 | 3.03e+03 | 3.27e-04 | 0.00e+00 |
| 1400  |110363 | 5879  | -2.2365e+00 | 3.03e+03 | 3.31e-04 | 0.00e+00 |
| 1401  |110442 | 5885  | -2.2390e+00 | 3.03e+03 | 3.34e-04 | 0.00e+00 |
| 1402  |110521 | 5891  | -2.2414e+00 | 3.03e+03 | 3.37e-04 | 0.00e+00 |
| 1403  |110600 | 5895  | -2.2432e+00 | 3.03e+03 | 3.40e-04 | 0.00e+00 |
| 1404  |110679 | 5899  | -2.2449e+00 | 3.03e+03 | 3.42e-04 | 0.00e+00 |
| 1405  |110758 | 5903  | -2.2466e+00 | 3.03e+03 | 3.44e-04 | 0.00e+00 |
| 1406  |110837 | 5907  | -2.2483e+00 | 3.03e+03 | 3.45e-04 | 0.00e+00 |
| 1407  |110916 | 5911  | -2.2499e+00 | 3.03e+03 | 3.46e-04 | 0.00e+00 |
| 1408  |110995 | 5915  | -2.2516e+00 | 3.03e+03 | 3.47e-04 | 0.00e+00 |
| 1409  |111074 | 5920  | -2.2534e+00 | 3.03e+03 | 3.47e-04 | 0.00e+00 |
| 1410  |111153 | 5925  | -2.2551e+00 | 3.03e+03 | 3.48e-04 | 0.00e+00 |
| 1411  |111232 | 5930  | -2.2568e+00 | 3.03e+03 | 3.48e-04 | 0.00e+00 |
| 1412  |111311 | 5935  | -2.2585e+00 | 3.03e+03 | 3.47e-04 | 0.00e+00 |
| 1413  |111390 | 5940  | -2.2602e+00 | 3.03e+03 | 3.47e-04 | 0.00e+00 |
| 1414  |111469 | 5945  | -2.2619e+00 | 3.03e+03 | 3.46e-04 | 0.00e+00 |
| 1415  |111548 | 5950  | -2.2635e+00 | 3.03e+03 | 3.45e-04 | 0.00e+00 |
| 1416  |111627 | 5955  | -2.2652e+00 | 3.03e+03 | 3.44e-04 | 0.00e+00 |
| 1417  |111706 | 5960  | -2.2668e+00 | 3.03e+03 | 3.42e-04 | 0.00e+00 |
| 1418  |111785 | 5965  | -2.2684e+00 | 3.03e+03 | 3.41e-04 | 0.00e+00 |
| 1419  |111864 | 5970  | -2.2700e+00 | 3.03e+03 | 3.39e-04 | 0.00e+00 |
| 1420  |111943 | 5975  | -2.2716e+00 | 3.03e+03 | 3.37e-04 | 0.00e+00 |
| 1421  |112022 | 5980  | -2.2732e+00 | 3.03e+03 | 3.34e-04 | 0.00e+00 |
| 1422  |112101 | 5985  | -2.2747e+00 | 3.03e+03 | 3.32e-04 | 0.00e+00 |
| 1423  |112180 | 5990  | -2.2762e+00 | 3.03e+03 | 3.30e-04 | 0.00e+00 |
| 1424  |112259 | 5995  | -2.2777e+00 | 3.03e+03 | 3.27e-04 | 0.00e+00 |
| 1425  |112338 | 6000  | -2.2792e+00 | 3.03e+03 | 3.25e-04 | 0.00e+00 |
| 1426  |112417 | 6005  | -2.2806e+00 | 3.03e+03 | 3.22e-04 | 0.00e+00 |
| 1427  |112496 | 6010  | -2.2819e+00 | 3.03e+03 | 3.19e-04 | 0.00e+00 |
| 1428  |112575 | 6014  | -2.2829e+00 | 3.03e+03 | 3.18e-04 | 0.00e+00 |
| 1429  |112654 | 6018  | -2.2839e+00 | 3.03e+03 | 3.16e-04 | 0.00e+00 |
| 1430  |112733 | 6022  | -2.2849e+00 | 3.03e+03 | 3.14e-04 | 0.00e+00 |
| 1431  |112812 | 6026  | -2.2858e+00 | 3.03e+03 | 3.13e-04 | 0.00e+00 |
| 1432  |112891 | 6030  | -2.2868e+00 | 3.03e+03 | 3.11e-04 | 0.00e+00 |
| 1433  |112970 | 6034  | -2.2878e+00 | 3.03e+03 | 3.10e-04 | 0.00e+00 |
| 1434  |113049 | 6038  | -2.2888e+00 | 3.03e+03 | 3.09e-04 | 0.00e+00 |
| 1435  |113128 | 6042  | -2.2898e+00 | 3.03e+03 | 3.08e-04 | 0.00e+00 |
| 1436  |113207 | 6046  | -2.2908e+00 | 3.03e+03 | 3.07e-04 | 0.00e+00 |
| 1437  |113286 | 6050  | -2.2918e+00 | 3.03e+03 | 3.06e-04 | 0.00e+00 |
| 1438  |113365 | 6054  | -2.2928e+00 | 3.03e+03 | 3.05e-04 | 0.00e+00 |
| 1439  |113444 | 6058  | -2.2937e+00 | 3.03e+03 | 3.05e-04 | 0.00e+00 |
| 1440  |113523 | 6062  | -2.2947e+00 | 3.03e+03 | 3.04e-04 | 0.00e+00 |
| 1441  |113602 | 6066  | -2.2957e+00 | 3.03e+03 | 3.04e-04 | 0.00e+00 |
| 1442  |113681 | 6070  | -2.2966e+00 | 3.03e+03 | 3.04e-04 | 0.00e+00 |
| 1443  |113760 | 6074  | -2.2976e+00 | 3.03e+03 | 3.03e-04 | 0.00e+00 |
| 1444  |113839 | 6078  | -2.2985e+00 | 3.03e+03 | 3.03e-04 | 0.00e+00 |
| 1445  |113918 | 6082  | -2.2993e+00 | 3.03e+03 | 3.03e-04 | 0.00e+00 |
| 1446  |113997 | 6086  | -2.3001e+00 | 3.03e+03 | 3.03e-04 | 0.00e+00 |
| 1447  |114076 | 6090  | -2.3009e+00 | 3.03e+03 | 3.03e-04 | 0.00e+00 |
| 1448  |114155 | 6094  | -2.3017e+00 | 3.03e+03 | 3.03e-04 | 0.00e+00 |
| 1449  |114234 | 6098  | -2.3024e+00 | 3.03e+03 | 3.03e-04 | 0.00e+00 |
| 1450  |114313 | 6102  | -2.3031e+00 | 3.03e+03 | 3.03e-04 | 0.00e+00 |
| 1451  |114392 | 6106  | -2.3037e+00 | 3.03e+03 | 3.03e-04 | 0.00e+00 |
| 1452  |114471 | 6108  | -2.3039e+00 | 3.03e+03 | 3.04e-04 | 0.00e+00 |
| 1453  |114550 | 6110  | -2.3041e+00 | 3.03e+03 | 3.04e-04 | 0.00e+00 |
| 1454  |114629 | 6112  | -2.3044e+00 | 3.03e+03 | 3.05e-04 | 0.00e+00 |
| 1455  |114708 | 6114  | -2.3046e+00 | 3.03e+03 | 3.05e-04 | 0.00e+00 |
| 1456  |114787 | 6116  | -2.3048e+00 | 3.03e+03 | 3.05e-04 | 0.00e+00 |
| 1457  |114866 | 6118  | -2.3050e+00 | 3.03e+03 | 3.06e-04 | 0.00e+00 |
| 1458  |114945 | 6120  | -2.3052e+00 | 3.03e+03 | 3.06e-04 | 0.00e+00 |
| 1459  |115024 | 6122  | -2.3055e+00 | 3.03e+03 | 3.07e-04 | 0.00e+00 |
| 1460  |115103 | 6124  | -2.3057e+00 | 3.03e+03 | 3.07e-04 | 0.00e+00 |
| 1461  |115182 | 6126  | -2.3059e+00 | 3.03e+03 | 3.08e-04 | 0.00e+00 |
| 1462  |115261 | 6128  | -2.3061e+00 | 3.03e+03 | 3.08e-04 | 0.00e+00 |
| 1463  |115340 | 6130  | -2.3064e+00 | 3.03e+03 | 3.08e-04 | 0.00e+00 |
| 1464  |115419 | 6132  | -2.3066e+00 | 3.03e+03 | 3.09e-04 | 0.00e+00 |
| 1465  |115498 | 6134  | -2.3068e+00 | 3.03e+03 | 3.09e-04 | 0.00e+00 |
| 1466  |115577 | 6136  | -2.3070e+00 | 3.03e+03 | 3.09e-04 | 0.00e+00 |
| 1467  |115656 | 6138  | -2.3073e+00 | 3.03e+03 | 3.10e-04 | 0.00e+00 |
| 1468  |115735 | 6140  | -2.3075e+00 | 3.03e+03 | 3.10e-04 | 0.00e+00 |
| 1469  |115814 | 6142  | -2.3078e+00 | 3.03e+03 | 3.11e-04 | 0.00e+00 |
| 1470  |115893 | 6144  | -2.3080e+00 | 3.03e+03 | 3.11e-04 | 0.00e+00 |
| 1471  |115972 | 6146  | -2.3082e+00 | 3.03e+03 | 3.11e-04 | 0.00e+00 |
| 1472  |116051 | 6148  | -2.3085e+00 | 3.03e+03 | 3.12e-04 | 0.00e+00 |
| 1473  |116130 | 6150  | -2.3087e+00 | 3.03e+03 | 3.12e-04 | 0.00e+00 |
| 1474  |116209 | 6152  | -2.3090e+00 | 3.03e+03 | 3.12e-04 | 0.00e+00 |
| 1475  |116288 | 6154  | -2.3092e+00 | 3.03e+03 | 3.13e-04 | 0.00e+00 |
| 1476  |116367 | 6156  | -2.3095e+00 | 3.03e+03 | 3.13e-04 | 0.00e+00 |
| 1477  |116446 | 6158  | -2.3097e+00 | 3.03e+03 | 3.13e-04 | 0.00e+00 |
| 1478  |116525 | 6160  | -2.3100e+00 | 3.03e+03 | 3.13e-04 | 0.00e+00 |
| 1479  |116604 | 6162  | -2.3102e+00 | 3.03e+03 | 3.14e-04 | 0.00e+00 |
| 1480  |116683 | 6164  | -2.3105e+00 | 3.03e+03 | 3.14e-04 | 0.00e+00 |
| 1481  |116762 | 6166  | -2.3107e+00 | 3.03e+03 | 3.14e-04 | 0.00e+00 |
| 1482  |116841 | 6168  | -2.3110e+00 | 3.03e+03 | 3.14e-04 | 0.00e+00 |
| 1483  |116920 | 6170  | -2.3112e+00 | 3.03e+03 | 3.15e-04 | 0.00e+00 |
| 1484  |116999 | 6172  | -2.3115e+00 | 3.03e+03 | 3.15e-04 | 0.00e+00 |
| 1485  |117078 | 6174  | -2.3118e+00 | 3.03e+03 | 3.15e-04 | 0.00e+00 |
| 1486  |117157 | 6176  | -2.3120e+00 | 3.03e+03 | 3.15e-04 | 0.00e+00 |
| 1487  |117236 | 6178  | -2.3123e+00 | 3.03e+03 | 3.15e-04 | 0.00e+00 |
| 1488  |117315 | 6180  | -2.3126e+00 | 3.03e+03 | 3.16e-04 | 0.00e+00 |
| 1489  |117394 | 6182  | -2.3128e+00 | 3.03e+03 | 3.16e-04 | 0.00e+00 |
| 1490  |117473 | 6184  | -2.3131e+00 | 3.03e+03 | 3.16e-04 | 0.00e+00 |
| 1491  |117552 | 6186  | -2.3134e+00 | 3.03e+03 | 3.16e-04 | 0.00e+00 |
| 1492  |117631 | 6188  | -2.3137e+00 | 3.03e+03 | 3.16e-04 | 0.00e+00 |
| 1493  |117710 | 6190  | -2.3139e+00 | 3.03e+03 | 3.16e-04 | 0.00e+00 |
| 1494  |117789 | 6192  | -2.3142e+00 | 3.03e+03 | 3.16e-04 | 0.00e+00 |
| 1495  |117868 | 6194  | -2.3145e+00 | 3.03e+03 | 3.16e-04 | 0.00e+00 |
| 1496  |117947 | 6196  | -2.3148e+00 | 3.03e+03 | 3.16e-04 | 0.00e+00 |
| 1497  |118026 | 6198  | -2.3151e+00 | 3.03e+03 | 3.16e-04 | 0.00e+00 |
| 1498  |118105 | 6200  | -2.3154e+00 | 3.03e+03 | 3.16e-04 | 0.00e+00 |
| 1499  |118184 | 6202  | -2.3156e+00 | 3.03e+03 | 3.16e-04 | 0.00e+00 |
| 1500  |118263 | 6204  | -2.3159e+00 | 3.03e+03 | 3.16e-04 | 0.00e+00 |
| 1501  |118342 | 6206  | -2.3162e+00 | 3.03e+03 | 3.16e-04 | 0.00e+00 |
| 1502  |118421 | 6208  | -2.3165e+00 | 3.03e+03 | 3.16e-04 | 0.00e+00 |
| 1503  |118500 | 6210  | -2.3168e+00 | 3.03e+03 | 3.16e-04 | 0.00e+00 |
| 1504  |118579 | 6212  | -2.3171e+00 | 3.03e+03 | 3.16e-04 | 0.00e+00 |
| 1505  |118658 | 6214  | -2.3174e+00 | 3.03e+03 | 3.16e-04 | 0.00e+00 |
| 1506  |118737 | 6216  | -2.3177e+00 | 3.03e+03 | 3.16e-04 | 0.00e+00 |
| 1507  |118816 | 6218  | -2.3180e+00 | 3.03e+03 | 3.15e-04 | 0.00e+00 |
| 1508  |118895 | 6220  | -2.3183e+00 | 3.03e+03 | 3.15e-04 | 0.00e+00 |
| 1509  |118974 | 6222  | -2.3186e+00 | 3.03e+03 | 3.15e-04 | 0.00e+00 |
| 1510  |119053 | 6224  | -2.3189e+00 | 3.03e+03 | 3.15e-04 | 0.00e+00 |
| 1511  |119132 | 6226  | -2.3192e+00 | 3.03e+03 | 3.15e-04 | 0.00e+00 |
| 1512  |119211 | 6228  | -2.3195e+00 | 3.03e+03 | 3.15e-04 | 0.00e+00 |
| 1513  |119290 | 6230  | -2.3198e+00 | 3.03e+03 | 3.16e-04 | 0.00e+00 |
| 1514  |119369 | 6232  | -2.3201e+00 | 3.03e+03 | 3.17e-04 | 0.00e+00 |
| 1515  |119448 | 6234  | -2.3205e+00 | 3.03e+03 | 3.18e-04 | 0.00e+00 |
| 1516  |119527 | 6236  | -2.3208e+00 | 3.03e+03 | 3.19e-04 | 0.00e+00 |
| 1517  |119606 | 6238  | -2.3211e+00 | 3.03e+03 | 3.19e-04 | 0.00e+00 |
| 1518  |119685 | 6240  | -2.3214e+00 | 3.03e+03 | 3.20e-04 | 0.00e+00 |
| 1519  |119764 | 6242  | -2.3217e+00 | 3.03e+03 | 3.21e-04 | 0.00e+00 |
| 1520  |119843 | 6244  | -2.3220e+00 | 3.03e+03 | 3.22e-04 | 0.00e+00 |
| 1521  |119922 | 6247  | -2.3225e+00 | 3.03e+03 | 3.22e-04 | 0.00e+00 |
| 1522  |120001 | 6250  | -2.3229e+00 | 3.03e+03 | 3.23e-04 | 0.00e+00 |
| 1523  |120080 | 6253  | -2.3233e+00 | 3.03e+03 | 3.24e-04 | 0.00e+00 |
| 1524  |120159 | 6256  | -2.3238e+00 | 3.03e+03 | 3.25e-04 | 0.00e+00 |
| 1525  |120238 | 6259  | -2.3242e+00 | 3.03e+03 | 3.26e-04 | 0.00e+00 |
| 1526  |120317 | 6262  | -2.3246e+00 | 3.03e+03 | 3.26e-04 | 0.00e+00 |
| 1527  |120396 | 6265  | -2.3251e+00 | 3.03e+03 | 3.27e-04 | 0.00e+00 |
| 1528  |120475 | 6268  | -2.3255e+00 | 3.03e+03 | 3.28e-04 | 0.00e+00 |
| 1529  |120554 | 6271  | -2.3260e+00 | 3.03e+03 | 3.29e-04 | 0.00e+00 |
| 1530  |120633 | 6274  | -2.3264e+00 | 3.03e+03 | 3.30e-04 | 0.00e+00 |
| 1531  |120712 | 6277  | -2.3269e+00 | 3.03e+03 | 3.30e-04 | 0.00e+00 |
| 1532  |120791 | 6280  | -2.3273e+00 | 3.03e+03 | 3.31e-04 | 0.00e+00 |
| 1533  |120870 | 6283  | -2.3278e+00 | 3.03e+03 | 3.32e-04 | 0.00e+00 |
| 1534  |120949 | 6286  | -2.3283e+00 | 3.03e+03 | 3.33e-04 | 0.00e+00 |
| 1535  |121028 | 6289  | -2.3287e+00 | 3.03e+03 | 3.34e-04 | 0.00e+00 |
| 1536  |121107 | 6292  | -2.3292e+00 | 3.03e+03 | 3.34e-04 | 0.00e+00 |
| 1537  |121186 | 6295  | -2.3297e+00 | 3.03e+03 | 3.35e-04 | 0.00e+00 |
| 1538  |121265 | 6298  | -2.3302e+00 | 3.03e+03 | 3.36e-04 | 0.00e+00 |
| 1539  |121344 | 6301  | -2.3306e+00 | 3.03e+03 | 3.37e-04 | 0.00e+00 |
| 1540  |121423 | 6304  | -2.3311e+00 | 3.03e+03 | 3.38e-04 | 0.00e+00 |
| 1541  |121502 | 6307  | -2.3316e+00 | 3.03e+03 | 3.38e-04 | 0.00e+00 |
| 1542  |121581 | 6310  | -2.3321e+00 | 3.03e+03 | 3.39e-04 | 0.00e+00 |
| 1543  |121660 | 6313  | -2.3326e+00 | 3.03e+03 | 3.40e-04 | 0.00e+00 |
| 1544  |121739 | 6316  | -2.3331e+00 | 3.03e+03 | 3.41e-04 | 0.00e+00 |
| 1545  |121818 | 6319  | -2.3336e+00 | 3.03e+03 | 3.42e-04 | 0.00e+00 |
| 1546  |121897 | 6322  | -2.3341e+00 | 3.03e+03 | 3.43e-04 | 0.00e+00 |
| 1547  |121976 | 6325  | -2.3346e+00 | 3.03e+03 | 3.44e-04 | 0.00e+00 |
| 1548  |122055 | 6328  | -2.3351e+00 | 3.03e+03 | 3.45e-04 | 0.00e+00 |
| 1549  |122134 | 6331  | -2.3356e+00 | 3.03e+03 | 3.46e-04 | 0.00e+00 |
| 1550  |122213 | 6334  | -2.3361e+00 | 3.03e+03 | 3.47e-04 | 0.00e+00 |
| 1551  |122292 | 6337  | -2.3366e+00 | 3.03e+03 | 3.48e-04 | 0.00e+00 |
| 1552  |122371 | 6340  | -2.3371e+00 | 3.03e+03 | 3.49e-04 | 0.00e+00 |
| 1553  |122450 | 6343  | -2.3376e+00 | 3.03e+03 | 3.50e-04 | 0.00e+00 |
| 1554  |122529 | 6346  | -2.3381e+00 | 3.03e+03 | 3.51e-04 | 0.00e+00 |
| 1555  |122608 | 6349  | -2.3386e+00 | 3.03e+03 | 3.52e-04 | 0.00e+00 |
| 1556  |122687 | 6352  | -2.3391e+00 | 3.03e+03 | 3.53e-04 | 0.00e+00 |
| 1557  |122766 | 6355  | -2.3396e+00 | 3.03e+03 | 3.54e-04 | 0.00e+00 |
| 1558  |122845 | 6358  | -2.3401e+00 | 3.03e+03 | 3.56e-04 | 0.00e+00 |
| 1559  |122924 | 6361  | -2.3406e+00 | 3.03e+03 | 3.57e-04 | 0.00e+00 |
| 1560  |123003 | 6364  | -2.3411e+00 | 3.03e+03 | 3.58e-04 | 0.00e+00 |
| 1561  |123082 | 6367  | -2.3416e+00 | 3.03e+03 | 3.59e-04 | 0.00e+00 |
| 1562  |123161 | 6370  | -2.3420e+00 | 3.03e+03 | 3.61e-04 | 0.00e+00 |
| 1563  |123240 | 6373  | -2.3425e+00 | 3.03e+03 | 3.62e-04 | 0.00e+00 |
| 1564  |123319 | 6376  | -2.3430e+00 | 3.03e+03 | 3.63e-04 | 0.00e+00 |
| 1565  |123398 | 6379  | -2.3435e+00 | 3.03e+03 | 3.65e-04 | 0.00e+00 |
| 1566  |123477 | 6382  | -2.3440e+00 | 3.03e+03 | 3.66e-04 | 0.00e+00 |
| 1567  |123556 | 6385  | -2.3445e+00 | 3.03e+03 | 3.67e-04 | 0.00e+00 |
| 1568  |123635 | 6388  | -2.3450e+00 | 3.03e+03 | 3.69e-04 | 0.00e+00 |
| 1569  |123714 | 6391  | -2.3454e+00 | 3.03e+03 | 3.70e-04 | 0.00e+00 |
| 1570  |123793 | 6394  | -2.3459e+00 | 3.03e+03 | 3.72e-04 | 0.00e+00 |
| 1571  |123872 | 6397  | -2.3464e+00 | 3.03e+03 | 3.73e-04 | 0.00e+00 |
| 1572  |123951 | 6400  | -2.3469e+00 | 3.03e+03 | 3.74e-04 | 0.00e+00 |
| 1573  |124030 | 6403  | -2.3473e+00 | 3.03e+03 | 3.76e-04 | 0.00e+00 |
| 1574  |124109 | 6406  | -2.3478e+00 | 3.03e+03 | 3.77e-04 | 0.00e+00 |
| 1575  |124188 | 6409  | -2.3483e+00 | 3.03e+03 | 3.79e-04 | 0.00e+00 |
| 1576  |124267 | 6412  | -2.3488e+00 | 3.03e+03 | 3.80e-04 | 0.00e+00 |
| 1577  |124346 | 6415  | -2.3493e+00 | 3.03e+03 | 3.82e-04 | 0.00e+00 |
| 1578  |124425 | 6418  | -2.3497e+00 | 3.03e+03 | 3.83e-04 | 0.00e+00 |
| 1579  |124504 | 6421  | -2.3502e+00 | 3.03e+03 | 3.85e-04 | 0.00e+00 |
| 1580  |124583 | 6424  | -2.3507e+00 | 3.03e+03 | 3.87e-04 | 0.00e+00 |
| 1581  |124662 | 6427  | -2.3512e+00 | 3.03e+03 | 3.88e-04 | 0.00e+00 |
| 1582  |124741 | 6430  | -2.3517e+00 | 3.03e+03 | 3.90e-04 | 0.00e+00 |
| 1583  |124820 | 6433  | -2.3521e+00 | 3.03e+03 | 3.91e-04 | 0.00e+00 |
| 1584  |124899 | 6436  | -2.3526e+00 | 3.03e+03 | 3.93e-04 | 0.00e+00 |
| 1585  |124978 | 6439  | -2.3531e+00 | 3.03e+03 | 3.94e-04 | 0.00e+00 |
| 1586  |125057 | 6442  | -2.3536e+00 | 3.03e+03 | 3.96e-04 | 0.00e+00 |
| 1587  |125136 | 6445  | -2.3541e+00 | 3.03e+03 | 3.98e-04 | 0.00e+00 |
| 1588  |125215 | 6448  | -2.3545e+00 | 3.03e+03 | 3.99e-04 | 0.00e+00 |
| 1589  |125294 | 6451  | -2.3550e+00 | 3.03e+03 | 4.01e-04 | 0.00e+00 |
| 1590  |125373 | 6453  | -2.3553e+00 | 3.03e+03 | 4.02e-04 | 0.00e+00 |
| 1591  |125452 | 6455  | -2.3556e+00 | 3.03e+03 | 4.02e-04 | 0.00e+00 |
| 1592  |125531 | 6457  | -2.3559e+00 | 3.03e+03 | 4.03e-04 | 0.00e+00 |
| 1593  |125610 | 6459  | -2.3562e+00 | 3.03e+03 | 4.03e-04 | 0.00e+00 |
| 1594  |125689 | 6461  | -2.3565e+00 | 3.03e+03 | 4.04e-04 | 0.00e+00 |
| 1595  |125768 | 6463  | -2.3569e+00 | 3.03e+03 | 4.05e-04 | 0.00e+00 |
| 1596  |125847 | 6465  | -2.3572e+00 | 3.03e+03 | 4.05e-04 | 0.00e+00 |
| 1597  |125926 | 6467  | -2.3575e+00 | 3.03e+03 | 4.06e-04 | 0.00e+00 |
| 1598  |126005 | 6469  | -2.3578e+00 | 3.03e+03 | 4.06e-04 | 0.00e+00 |
| 1599  |126084 | 6471  | -2.3581e+00 | 3.03e+03 | 4.07e-04 | 0.00e+00 |
| 1600  |126163 | 6473  | -2.3585e+00 | 3.03e+03 | 4.07e-04 | 0.00e+00 |
| 1601  |126242 | 6475  | -2.3588e+00 | 3.03e+03 | 4.08e-04 | 0.00e+00 |
| 1602  |126321 | 6477  | -2.3591e+00 | 3.03e+03 | 4.08e-04 | 0.00e+00 |
| 1603  |126400 | 6479  | -2.3594e+00 | 3.03e+03 | 4.08e-04 | 0.00e+00 |
| 1604  |126479 | 6481  | -2.3598e+00 | 3.03e+03 | 4.09e-04 | 0.00e+00 |
| 1605  |126558 | 6483  | -2.3601e+00 | 3.03e+03 | 4.09e-04 | 0.00e+00 |
| 1606  |126637 | 6485  | -2.3604e+00 | 3.03e+03 | 4.09e-04 | 0.00e+00 |
| 1607  |126716 | 6487  | -2.3607e+00 | 3.03e+03 | 4.10e-04 | 0.00e+00 |
| 1608  |126795 | 6489  | -2.3611e+00 | 3.03e+03 | 4.10e-04 | 0.00e+00 |
| 1609  |126874 | 6491  | -2.3614e+00 | 3.03e+03 | 4.10e-04 | 0.00e+00 |
| 1610  |126953 | 6493  | -2.3618e+00 | 3.03e+03 | 4.10e-04 | 0.00e+00 |
| 1611  |127032 | 6495  | -2.3621e+00 | 3.03e+03 | 4.11e-04 | 0.00e+00 |
| 1612  |127111 | 6497  | -2.3624e+00 | 3.03e+03 | 4.11e-04 | 0.00e+00 |
| 1613  |127190 | 6499  | -2.3628e+00 | 3.03e+03 | 4.11e-04 | 0.00e+00 |
| 1614  |127269 | 6501  | -2.3631e+00 | 3.03e+03 | 4.11e-04 | 0.00e+00 |
| 1615  |127348 | 6503  | -2.3635e+00 | 3.03e+03 | 4.11e-04 | 0.00e+00 |
| 1616  |127427 | 6505  | -2.3638e+00 | 3.03e+03 | 4.11e-04 | 0.00e+00 |
| 1617  |127506 | 6507  | -2.3642e+00 | 3.03e+03 | 4.11e-04 | 0.00e+00 |
| 1618  |127585 | 6509  | -2.3645e+00 | 3.03e+03 | 4.11e-04 | 0.00e+00 |
| 1619  |127664 | 6511  | -2.3649e+00 | 3.03e+03 | 4.11e-04 | 0.00e+00 |
| 1620  |127743 | 6513  | -2.3652e+00 | 3.03e+03 | 4.11e-04 | 0.00e+00 |
| 1621  |127822 | 6515  | -2.3656e+00 | 3.03e+03 | 4.11e-04 | 0.00e+00 |
| 1622  |127901 | 6517  | -2.3659e+00 | 3.03e+03 | 4.11e-04 | 0.00e+00 |
| 1623  |127980 | 6519  | -2.3663e+00 | 3.03e+03 | 4.11e-04 | 0.00e+00 |
| 1624  |128059 | 6521  | -2.3667e+00 | 3.03e+03 | 4.11e-04 | 0.00e+00 |
| 1625  |128138 | 6523  | -2.3670e+00 | 3.03e+03 | 4.11e-04 | 0.00e+00 |
| 1626  |128217 | 6525  | -2.3674e+00 | 3.03e+03 | 4.11e-04 | 0.00e+00 |
| 1627  |128296 | 6527  | -2.3678e+00 | 3.03e+03 | 4.10e-04 | 0.00e+00 |
| 1628  |128375 | 6529  | -2.3681e+00 | 3.03e+03 | 4.10e-04 | 0.00e+00 |
| 1629  |128454 | 6531  | -2.3685e+00 | 3.03e+03 | 4.10e-04 | 0.00e+00 |
| 1630  |128533 | 6533  | -2.3689e+00 | 3.03e+03 | 4.09e-04 | 0.00e+00 |
| 1631  |128612 | 6535  | -2.3693e+00 | 3.03e+03 | 4.09e-04 | 0.00e+00 |
| 1632  |128691 | 6537  | -2.3696e+00 | 3.03e+03 | 4.09e-04 | 0.00e+00 |
| 1633  |128770 | 6539  | -2.3700e+00 | 3.03e+03 | 4.08e-04 | 0.00e+00 |
| 1634  |128849 | 6541  | -2.3704e+00 | 3.03e+03 | 4.08e-04 | 0.00e+00 |
| 1635  |128928 | 6543  | -2.3708e+00 | 3.03e+03 | 4.07e-04 | 0.00e+00 |
| 1636  |129007 | 6545  | -2.3712e+00 | 3.03e+03 | 4.07e-04 | 0.00e+00 |
| 1637  |129086 | 6547  | -2.3716e+00 | 3.03e+03 | 4.06e-04 | 0.00e+00 |
| 1638  |129165 | 6549  | -2.3719e+00 | 3.03e+03 | 4.06e-04 | 0.00e+00 |
| 1639  |129244 | 6551  | -2.3723e+00 | 3.03e+03 | 4.05e-04 | 0.00e+00 |
| 1640  |129323 | 6553  | -2.3727e+00 | 3.03e+03 | 4.04e-04 | 0.00e+00 |
| 1641  |129402 | 6555  | -2.3731e+00 | 3.03e+03 | 4.04e-04 | 0.00e+00 |
| 1642  |129481 | 6557  | -2.3735e+00 | 3.03e+03 | 4.03e-04 | 0.00e+00 |
| 1643  |129560 | 6559  | -2.3739e+00 | 3.03e+03 | 4.02e-04 | 0.00e+00 |
| 1644  |129639 | 6561  | -2.3743e+00 | 3.03e+03 | 4.01e-04 | 0.00e+00 |
| 1645  |129718 | 6563  | -2.3747e+00 | 3.03e+03 | 4.01e-04 | 0.00e+00 |
| 1646  |129797 | 6565  | -2.3751e+00 | 3.03e+03 | 4.00e-04 | 0.00e+00 |
| 1647  |129876 | 6567  | -2.3755e+00 | 3.03e+03 | 3.99e-04 | 0.00e+00 |
| 1648  |129955 | 6569  | -2.3760e+00 | 3.03e+03 | 3.98e-04 | 0.00e+00 |
| 1649  |130034 | 6571  | -2.3764e+00 | 3.03e+03 | 3.97e-04 | 0.00e+00 |
| 1650  |130113 | 6573  | -2.3768e+00 | 3.03e+03 | 3.96e-04 | 0.00e+00 |
| 1651  |130192 | 6575  | -2.3772e+00 | 3.03e+03 | 3.95e-04 | 0.00e+00 |
| 1652  |130271 | 6577  | -2.3776e+00 | 3.03e+03 | 3.94e-04 | 0.00e+00 |
| 1653  |130350 | 6579  | -2.3780e+00 | 3.03e+03 | 3.93e-04 | 0.00e+00 |
| 1654  |130429 | 6581  | -2.3785e+00 | 3.03e+03 | 3.92e-04 | 0.00e+00 |
| 1655  |130508 | 6583  | -2.3789e+00 | 3.03e+03 | 3.91e-04 | 0.00e+00 |
| 1656  |130587 | 6585  | -2.3793e+00 | 3.03e+03 | 3.89e-04 | 0.00e+00 |
| 1657  |130666 | 6587  | -2.3797e+00 | 3.03e+03 | 3.88e-04 | 0.00e+00 |
| 1658  |130745 | 6589  | -2.3801e+00 | 3.03e+03 | 3.87e-04 | 0.00e+00 |
| 1659  |130824 | 6591  | -2.3806e+00 | 3.03e+03 | 3.86e-04 | 0.00e+00 |
| 1660  |130903 | 6593  | -2.3810e+00 | 3.03e+03 | 3.84e-04 | 0.00e+00 |
| 1661  |130982 | 6595  | -2.3814e+00 | 3.03e+03 | 3.83e-04 | 0.00e+00 |
| 1662  |131061 | 6597  | -2.3819e+00 | 3.03e+03 | 3.82e-04 | 0.00e+00 |
| 1663  |131140 | 6599  | -2.3823e+00 | 3.03e+03 | 3.80e-04 | 0.00e+00 |
| 1664  |131219 | 6601  | -2.3827e+00 | 3.03e+03 | 3.79e-04 | 0.00e+00 |
| 1665  |131298 | 6604  | -2.3833e+00 | 3.03e+03 | 3.77e-04 | 0.00e+00 |
| 1666  |131377 | 6606  | -2.3838e+00 | 3.03e+03 | 3.76e-04 | 0.00e+00 |
| 1667  |131456 | 6609  | -2.3844e+00 | 3.03e+03 | 3.74e-04 | 0.00e+00 |
| 1668  |131535 | 6612  | -2.3850e+00 | 3.03e+03 | 3.72e-04 | 0.00e+00 |
| 1669  |131614 | 6615  | -2.3856e+00 | 3.03e+03 | 3.71e-04 | 0.00e+00 |
| 1670  |131693 | 6618  | -2.3862e+00 | 3.03e+03 | 3.69e-04 | 0.00e+00 |
| 1671  |131772 | 6621  | -2.3868e+00 | 3.03e+03 | 3.67e-04 | 0.00e+00 |
| 1672  |131851 | 6624  | -2.3874e+00 | 3.03e+03 | 3.65e-04 | 0.00e+00 |
| 1673  |131930 | 6627  | -2.3880e+00 | 3.03e+03 | 3.64e-04 | 0.00e+00 |
| 1674  |132009 | 6630  | -2.3886e+00 | 3.03e+03 | 3.62e-04 | 0.00e+00 |
| 1675  |132088 | 6633  | -2.3892e+00 | 3.03e+03 | 3.60e-04 | 0.00e+00 |
| 1676  |132167 | 6636  | -2.3898e+00 | 3.03e+03 | 3.58e-04 | 0.00e+00 |
| 1677  |132246 | 6639  | -2.3904e+00 | 3.03e+03 | 3.56e-04 | 0.00e+00 |
| 1678  |132325 | 6642  | -2.3910e+00 | 3.03e+03 | 3.54e-04 | 0.00e+00 |
| 1679  |132404 | 6645  | -2.3916e+00 | 3.03e+03 | 3.53e-04 | 0.00e+00 |
| 1680  |132483 | 6648  | -2.3923e+00 | 3.03e+03 | 3.51e-04 | 0.00e+00 |
| 1681  |132562 | 6651  | -2.3929e+00 | 3.03e+03 | 3.49e-04 | 0.00e+00 |
| 1682  |132641 | 6654  | -2.3935e+00 | 3.03e+03 | 3.47e-04 | 0.00e+00 |
| 1683  |132720 | 6658  | -2.3942e+00 | 3.03e+03 | 3.45e-04 | 0.00e+00 |
| 1684  |132799 | 6662  | -2.3949e+00 | 3.03e+03 | 3.42e-04 | 0.00e+00 |
| 1685  |132878 | 6666  | -2.3956e+00 | 3.03e+03 | 3.40e-04 | 0.00e+00 |
| 1686  |132957 | 6670  | -2.3963e+00 | 3.03e+03 | 3.37e-04 | 0.00e+00 |
| 1687  |133036 | 6674  | -2.3970e+00 | 3.03e+03 | 3.35e-04 | 0.00e+00 |
| 1688  |133115 | 6678  | -2.3977e+00 | 3.03e+03 | 3.33e-04 | 0.00e+00 |
| 1689  |133194 | 6682  | -2.3984e+00 | 3.03e+03 | 3.30e-04 | 0.00e+00 |
| 1690  |133273 | 6686  | -2.3991e+00 | 3.03e+03 | 3.28e-04 | 0.00e+00 |
| 1691  |133352 | 6688  | -2.3994e+00 | 3.03e+03 | 3.27e-04 | 0.00e+00 |
| 1692  |133431 | 6690  | -2.3998e+00 | 3.03e+03 | 3.25e-04 | 0.00e+00 |
| 1693  |133510 | 6692  | -2.4001e+00 | 3.03e+03 | 3.24e-04 | 0.00e+00 |
| 1694  |133589 | 6694  | -2.4005e+00 | 3.03e+03 | 3.22e-04 | 0.00e+00 |
| 1695  |133668 | 6696  | -2.4008e+00 | 3.03e+03 | 3.20e-04 | 0.00e+00 |
| 1696  |133747 | 6698  | -2.4012e+00 | 3.03e+03 | 3.18e-04 | 0.00e+00 |
| 1697  |133826 | 6700  | -2.4015e+00 | 3.03e+03 | 3.16e-04 | 0.00e+00 |
| 1698  |133905 | 6702  | -2.4019e+00 | 3.03e+03 | 3.14e-04 | 0.00e+00 |
| 1699  |133984 | 6704  | -2.4022e+00 | 3.03e+03 | 3.12e-04 | 0.00e+00 |
| 1700  |134063 | 6706  | -2.4026e+00 | 3.03e+03 | 3.10e-04 | 0.00e+00 |
| 1701  |134142 | 6708  | -2.4029e+00 | 3.03e+03 | 3.08e-04 | 0.00e+00 |
| 1702  |134221 | 6710  | -2.4033e+00 | 3.03e+03 | 3.06e-04 | 0.00e+00 |
| 1703  |134300 | 6712  | -2.4037e+00 | 3.03e+03 | 3.03e-04 | 0.00e+00 |
| 1704  |134379 | 6714  | -2.4041e+00 | 3.03e+03 | 3.01e-04 | 0.00e+00 |
| 1705  |134458 | 6716  | -2.4044e+00 | 3.03e+03 | 2.98e-04 | 0.00e+00 |
| 1706  |134537 | 6718  | -2.4048e+00 | 3.03e+03 | 2.96e-04 | 0.00e+00 |
| 1707  |134616 | 6720  | -2.4052e+00 | 3.03e+03 | 2.93e-04 | 0.00e+00 |
| 1708  |134695 | 6722  | -2.4056e+00 | 3.03e+03 | 2.91e-04 | 0.00e+00 |
| 1709  |134774 | 6724  | -2.4060e+00 | 3.03e+03 | 2.88e-04 | 0.00e+00 |
| 1710  |134853 | 6726  | -2.4063e+00 | 3.03e+03 | 2.85e-04 | 0.00e+00 |
| 1711  |134932 | 6728  | -2.4067e+00 | 3.03e+03 | 2.82e-04 | 0.00e+00 |
| 1712  |135011 | 6730  | -2.4071e+00 | 3.03e+03 | 2.79e-04 | 0.00e+00 |
| 1713  |135090 | 6732  | -2.4075e+00 | 3.03e+03 | 2.76e-04 | 0.00e+00 |
| 1714  |135169 | 6734  | -2.4079e+00 | 3.03e+03 | 2.73e-04 | 0.00e+00 |
| 1715  |135248 | 6736  | -2.4083e+00 | 3.03e+03 | 2.70e-04 | 0.00e+00 |
| 1716  |135327 | 6738  | -2.4088e+00 | 3.03e+03 | 2.67e-04 | 0.00e+00 |
| 1717  |135406 | 6740  | -2.4092e+00 | 3.03e+03 | 2.63e-04 | 0.00e+00 |
| 1718  |135485 | 6742  | -2.4096e+00 | 3.03e+03 | 2.60e-04 | 0.00e+00 |
| 1719  |135564 | 6744  | -2.4100e+00 | 3.03e+03 | 2.57e-04 | 0.00e+00 |
| 1720  |135643 | 6746  | -2.4104e+00 | 3.03e+03 | 2.53e-04 | 0.00e+00 |
| 1721  |135722 | 6748  | -2.4109e+00 | 3.03e+03 | 2.50e-04 | 0.00e+00 |
| 1722  |135801 | 6750  | -2.4113e+00 | 3.03e+03 | 2.46e-04 | 0.00e+00 |
| 1723  |135880 | 6752  | -2.4117e+00 | 3.03e+03 | 2.42e-04 | 0.00e+00 |
| 1724  |135959 | 6754  | -2.4122e+00 | 3.03e+03 | 2.39e-04 | 0.00e+00 |
| 1725  |136038 | 6756  | -2.4126e+00 | 3.03e+03 | 2.35e-04 | 0.00e+00 |
| 1726  |136117 | 6758  | -2.4131e+00 | 3.03e+03 | 2.31e-04 | 0.00e+00 |
| 1727  |136196 | 6760  | -2.4135e+00 | 3.03e+03 | 2.27e-04 | 0.00e+00 |
| 1728  |136275 | 6762  | -2.4140e+00 | 3.03e+03 | 2.23e-04 | 0.00e+00 |
| 1729  |136354 | 6764  | -2.4144e+00 | 3.03e+03 | 2.19e-04 | 0.00e+00 |
| 1730  |136433 | 6766  | -2.4149e+00 | 3.03e+03 | 2.15e-04 | 0.00e+00 |
| 1731  |136512 | 6768  | -2.4154e+00 | 3.03e+03 | 2.11e-04 | 0.00e+00 |
| 1732  |136591 | 6770  | -2.4158e+00 | 3.03e+03 | 2.07e-04 | 0.00e+00 |
| 1733  |136670 | 6772  | -2.4163e+00 | 3.03e+03 | 2.03e-04 | 0.00e+00 |
| 1734  |136749 | 6774  | -2.4168e+00 | 3.03e+03 | 1.99e-04 | 0.00e+00 |
| 1735  |136828 | 6776  | -2.4173e+00 | 3.03e+03 | 1.95e-04 | 0.00e+00 |
| 1736  |136907 | 6778  | -2.4178e+00 | 3.03e+03 | 1.91e-04 | 0.00e+00 |
| 1737  |136986 | 6780  | -2.4183e+00 | 3.03e+03 | 1.86e-04 | 0.00e+00 |
| 1738  |137065 | 6782  | -2.4188e+00 | 3.03e+03 | 1.82e-04 | 0.00e+00 |
| 1739  |137144 | 6784  | -2.4193e+00 | 3.03e+03 | 1.78e-04 | 0.00e+00 |
| 1740  |137223 | 6786  | -2.4198e+00 | 3.03e+03 | 1.73e-04 | 0.00e+00 |
| 1741  |137302 | 6788  | -2.4203e+00 | 3.03e+03 | 1.69e-04 | 0.00e+00 |
| 1742  |137381 | 6790  | -2.4208e+00 | 3.03e+03 | 1.64e-04 | 0.00e+00 |
| 1743  |137460 | 6792  | -2.4213e+00 | 3.03e+03 | 1.60e-04 | 0.00e+00 |
| 1744  |137539 | 6794  | -2.4218e+00 | 3.03e+03 | 1.55e-04 | 0.00e+00 |
| 1745  |137618 | 6796  | -2.4224e+00 | 3.03e+03 | 1.51e-04 | 0.00e+00 |
| 1746  |137697 | 6798  | -2.4229e+00 | 3.03e+03 | 1.46e-04 | 0.00e+00 |
| 1747  |137776 | 6800  | -2.4234e+00 | 3.03e+03 | 1.41e-04 | 0.00e+00 |
| 1748  |137855 | 6802  | -2.4240e+00 | 3.03e+03 | 1.37e-04 | 0.00e+00 |
| 1749  |137934 | 6804  | -2.4245e+00 | 3.03e+03 | 1.32e-04 | 0.00e+00 |
| 1750  |138013 | 6806  | -2.4250e+00 | 3.03e+03 | 1.27e-04 | 0.00e+00 |
| 1751  |138092 | 6808  | -2.4256e+00 | 3.03e+03 | 1.22e-04 | 0.00e+00 |
| 1752  |138171 | 6810  | -2.4261e+00 | 3.03e+03 | 1.17e-04 | 0.00e+00 |
| 1753  |138250 | 6812  | -2.4266e+00 | 3.03e+03 | 1.12e-04 | 0.00e+00 |
| 1754  |138329 | 6814  | -2.4271e+00 | 3.03e+03 | 1.08e-04 | 0.00e+00 |
| 1755  |138408 | 6816  | -2.4276e+00 | 3.03e+03 | 1.03e-04 | 0.00e+00 |
| 1756  |138487 | 6818  | -2.4281e+00 | 3.03e+03 | 9.80e-05 | 0.00e+00 |
| 1757  |138566 | 6820  | -2.4286e+00 | 3.03e+03 | 9.32e-05 | 0.00e+00 |
| 1758  |138645 | 6822  | -2.4291e+00 | 3.03e+03 | 8.86e-05 | 0.00e+00 |
| 1759  |138724 | 6824  | -2.4296e+00 | 3.03e+03 | 8.40e-05 | 0.00e+00 |
| 1760  |138803 | 6826  | -2.4300e+00 | 3.03e+03 | 7.95e-05 | 0.00e+00 |
| 1761  |138882 | 6828  | -2.4304e+00 | 3.03e+03 | 7.52e-05 | 0.00e+00 |
| 1762  |138961 | 6830  | -2.4308e+00 | 3.03e+03 | 7.10e-05 | 0.00e+00 |
| 1763  |139040 | 6832  | -2.4312e+00 | 3.03e+03 | 6.69e-05 | 0.00e+00 |
| 1764  |139119 | 6834  | -2.4316e+00 | 3.03e+03 | 6.30e-05 | 0.00e+00 |
| 1765  |139198 | 6836  | -2.4319e+00 | 3.03e+03 | 5.93e-05 | 0.00e+00 |
| 1766  |139277 | 6838  | -2.4322e+00 | 3.03e+03 | 5.58e-05 | 0.00e+00 |
| 1767  |139356 | 6840  | -2.4325e+00 | 3.03e+03 | 5.24e-05 | 0.00e+00 |
| 1768  |139435 | 6842  | -2.4328e+00 | 3.03e+03 | 4.92e-05 | 0.00e+00 |
| 1769  |139514 | 6844  | -2.4331e+00 | 3.03e+03 | 4.62e-05 | 0.00e+00 |
| 1770  |139593 | 6846  | -2.4333e+00 | 3.03e+03 | 4.33e-05 | 0.00e+00 |
| 1771  |139672 | 6848  | -2.4336e+00 | 3.03e+03 | 4.06e-05 | 0.00e+00 |
| 1772  |139751 | 6850  | -2.4338e+00 | 3.03e+03 | 3.81e-05 | 0.00e+00 |
| 1773  |139830 | 6852  | -2.4340e+00 | 3.03e+03 | 3.57e-05 | 0.00e+00 |
| 1774  |139909 | 6854  | -2.4342e+00 | 3.03e+03 | 3.35e-05 | 0.00e+00 |
| 1775  |139988 | 6857  | -2.4345e+00 | 3.03e+03 | 3.07e-05 | 0.00e+00 |
| 1776  |140067 | 6859  | -2.4346e+00 | 3.03e+03 | 2.88e-05 | 0.00e+00 |
| 1777  |140146 | 6861  | -2.4348e+00 | 3.03e+03 | 2.70e-05 | 0.00e+00 |
| 1778  |140225 | 6864  | -2.4350e+00 | 3.03e+03 | 2.47e-05 | 0.00e+00 |
| 1779  |140304 | 6866  | -2.4351e+00 | 3.03e+03 | 2.32e-05 | 0.00e+00 |
| 1780  |140383 | 6868  | -2.4353e+00 | 3.03e+03 | 2.19e-05 | 0.00e+00 |
| 1781  |140462 | 6870  | -2.4354e+00 | 3.03e+03 | 2.08e-05 | 0.00e+00 |
| 1782  |140541 | 6873  | -2.4356e+00 | 3.03e+03 | 1.94e-05 | 0.00e+00 |
| 1783  |140620 | 6875  | -2.4356e+00 | 3.03e+03 | 1.84e-05 | 0.00e+00 |
| 1784  |140699 | 6877  | -2.4357e+00 | 3.03e+03 | 1.75e-05 | 0.00e+00 |
| 1785  |140778 | 6880  | -2.4359e+00 | 3.03e+03 | 1.64e-05 | 0.00e+00 |
| 1786  |140857 | 6882  | -2.4360e+00 | 3.03e+03 | 1.57e-05 | 0.00e+00 |
| 1787  |140936 | 6885  | -2.4361e+00 | 3.03e+03 | 1.47e-05 | 0.00e+00 |
| 1788  |141015 | 6887  | -2.4361e+00 | 3.03e+03 | 1.41e-05 | 0.00e+00 |
| 1789  |141094 | 6889  | -2.4362e+00 | 3.03e+03 | 1.35e-05 | 0.00e+00 |
| 1790  |141173 | 6892  | -2.4363e+00 | 3.03e+03 | 1.28e-05 | 0.00e+00 |
| 1791  |141252 | 6894  | -2.4364e+00 | 3.03e+03 | 1.23e-05 | 0.00e+00 |
| 1792  |141331 | 6897  | -2.4364e+00 | 3.03e+03 | 1.16e-05 | 0.00e+00 |
| 1793  |141410 | 6899  | -2.4365e+00 | 3.03e+03 | 1.12e-05 | 0.00e+00 |
| 1794  |141489 | 6902  | -2.4366e+00 | 3.03e+03 | 1.07e-05 | 0.00e+00 |
| 1795  |141568 | 6904  | -2.4366e+00 | 3.03e+03 | 1.03e-05 | 0.00e+00 |
| 1796  |141647 | 6907  | -2.4367e+00 | 3.03e+03 | 9.83e-06 | 0.00e+00 |
| 1797  |141726 | 6909  | -2.4367e+00 | 3.03e+03 | 9.53e-06 | 0.00e+00 |
| 1798  |141805 | 6911  | -2.4367e+00 | 3.03e+03 | 9.26e-06 | 0.00e+00 |
| 1799  |141884 | 6913  | -2.4368e+00 | 3.03e+03 | 8.99e-06 | 0.00e+00 |
| 1800  |141963 | 6915  | -2.4368e+00 | 3.03e+03 | 8.75e-06 | 0.00e+00 |
| 1801  |142042 | 6918  | -2.4369e+00 | 3.03e+03 | 8.40e-06 | 0.00e+00 |
| 1802  |142121 | 6920  | -2.4369e+00 | 3.03e+03 | 8.19e-06 | 0.00e+00 |
| 1803  |142200 | 6922  | -2.4369e+00 | 3.03e+03 | 7.99e-06 | 0.00e+00 |
| 1804  |142279 | 6924  | -2.4369e+00 | 3.03e+03 | 7.80e-06 | 0.00e+00 |
| 1805  |142358 | 6926  | -2.4370e+00 | 3.03e+03 | 7.62e-06 | 0.00e+00 |
| 1806  |142437 | 6928  | -2.4370e+00 | 3.03e+03 | 7.46e-06 | 0.00e+00 |
| 1807  |142516 | 6930  | -2.4370e+00 | 3.03e+03 | 7.30e-06 | 0.00e+00 |
| 1808  |142595 | 6932  | -2.4370e+00 | 3.03e+03 | 7.15e-06 | 0.00e+00 |
| 1809  |142674 | 6934  | -2.4371e+00 | 3.03e+03 | 7.00e-06 | 0.00e+00 |
| 1810  |142753 | 6936  | -2.4371e+00 | 3.03e+03 | 6.87e-06 | 0.00e+00 |
| 1811  |142832 | 6938  | -2.4371e+00 | 3.03e+03 | 6.74e-06 | 0.00e+00 |
| 1812  |142911 | 6940  | -2.4371e+00 | 3.03e+03 | 6.61e-06 | 0.00e+00 |
| 1813  |142990 | 6942  | -2.4371e+00 | 3.03e+03 | 6.50e-06 | 0.00e+00 |
| 1814  |143069 | 6944  | -2.4372e+00 | 3.03e+03 | 6.38e-06 | 0.00e+00 |
| 1815  |143148 | 6946  | -2.4372e+00 | 3.03e+03 | 6.28e-06 | 0.00e+00 |
| 1816  |143227 | 6948  | -2.4372e+00 | 3.03e+03 | 6.17e-06 | 0.00e+00 |
| 1817  |143306 | 6950  | -2.4372e+00 | 3.03e+03 | 6.07e-06 | 0.00e+00 |
| 1818  |143385 | 6952  | -2.4372e+00 | 3.03e+03 | 5.98e-06 | 0.00e+00 |
| 1819  |143464 | 6954  | -2.4372e+00 | 3.03e+03 | 5.89e-06 | 0.00e+00 |
| 1820  |143543 | 6956  | -2.4373e+00 | 3.03e+03 | 5.81e-06 | 0.00e+00 |
| 1821  |143622 | 6958  | -2.4373e+00 | 3.03e+03 | 5.72e-06 | 0.00e+00 |
| 1822  |143622 | 6958  | -2.4373e+00 | 1.51e+04 | 1.15e-05 | 0.00e+00 |
| 1823  |143701 | 6967  | -2.4546e+00 | 1.51e+04 | 5.79e-06 | 0.00e+00 |
| 1824  |143780 | 6978  | -2.4709e+00 | 1.51e+04 | 3.65e-06 | 0.00e+00 |
| 1825  |143859 | 6988  | -2.4771e+00 | 1.51e+04 | 2.84e-06 | 0.00e+00 |
| 1826  |143938 | 6995  | -2.4795e+00 | 1.51e+04 | 2.45e-06 | 0.00e+00 |
| 1827  |144017 | 7002  | -2.4811e+00 | 1.51e+04 | 2.27e-06 | 0.00e+00 |
| 1828  |144096 | 7008  | -2.4819e+00 | 1.51e+04 | 2.21e-06 | 0.00e+00 |
| 1829  |144175 | 7014  | -2.4825e+00 | 1.51e+04 | 2.16e-06 | 0.00e+00 |
| 1830  |144254 | 7018  | -2.4828e+00 | 1.51e+04 | 2.12e-06 | 0.00e+00 |
| 1831  |144333 | 7022  | -2.4831e+00 | 1.51e+04 | 2.08e-06 | 0.00e+00 |
| 1832  |144412 | 7026  | -2.4834e+00 | 1.51e+04 | 2.06e-06 | 0.00e+00 |
| 1833  |144491 | 7030  | -2.4836e+00 | 1.51e+04 | 2.04e-06 | 0.00e+00 |
| 1834  |144570 | 7034  | -2.4839e+00 | 1.51e+04 | 2.03e-06 | 0.00e+00 |
| 1835  |144649 | 7038  | -2.4841e+00 | 1.51e+04 | 2.01e-06 | 0.00e+00 |
| 1836  |144728 | 7042  | -2.4842e+00 | 1.51e+04 | 2.00e-06 | 0.00e+00 |
| 1837  |144807 | 7045  | -2.4843e+00 | 1.51e+04 | 1.93e-06 | 0.00e+00 |
| 1838  |144886 | 7048  | -2.4844e+00 | 1.51e+04 | 1.88e-06 | 0.00e+00 |
| 1839  |144965 | 7051  | -2.4845e+00 | 1.51e+04 | 1.90e-06 | 0.00e+00 |
| 1840  |145044 | 7054  | -2.4846e+00 | 1.51e+04 | 1.92e-06 | 0.00e+00 |
| 1841  |145123 | 7057  | -2.4847e+00 | 1.51e+04 | 1.95e-06 | 0.00e+00 |
| 1842  |145202 | 7060  | -2.4848e+00 | 1.51e+04 | 1.96e-06 | 0.00e+00 |
| 1843  |145281 | 7063  | -2.4848e+00 | 1.51e+04 | 1.98e-06 | 0.00e+00 |
| 1844  |145360 | 7066  | -2.4849e+00 | 1.51e+04 | 2.00e-06 | 0.00e+00 |
| 1845  |145439 | 7069  | -2.4850e+00 | 1.51e+04 | 2.02e-06 | 0.00e+00 |
| 1846  |145518 | 7072  | -2.4850e+00 | 1.51e+04 | 2.03e-06 | 0.00e+00 |
| 1847  |145597 | 7075  | -2.4851e+00 | 1.51e+04 | 2.05e-06 | 0.00e+00 |
| 1848  |145676 | 7078  | -2.4852e+00 | 1.51e+04 | 2.07e-06 | 0.00e+00 |
| 1849  |145755 | 7081  | -2.4852e+00 | 1.51e+04 | 2.08e-06 | 0.00e+00 |
| 1850  |145834 | 7084  | -2.4853e+00 | 1.51e+04 | 2.10e-06 | 0.00e+00 |
| 1851  |145913 | 7087  | -2.4853e+00 | 1.51e+04 | 2.12e-06 | 0.00e+00 |
| 1852  |145992 | 7090  | -2.4854e+00 | 1.51e+04 | 2.14e-06 | 0.00e+00 |
| 1853  |146071 | 7093  | -2.4854e+00 | 1.51e+04 | 2.15e-06 | 0.00e+00 |
| 1854  |146150 | 7096  | -2.4855e+00 | 1.51e+04 | 2.17e-06 | 0.00e+00 |
| 1855  |146229 | 7099  | -2.4855e+00 | 1.51e+04 | 2.19e-06 | 0.00e+00 |
| 1856  |146308 | 7102  | -2.4856e+00 | 1.51e+04 | 2.21e-06 | 0.00e+00 |
| 1857  |146387 | 7105  | -2.4856e+00 | 1.51e+04 | 2.23e-06 | 0.00e+00 |
| 1858  |146466 | 7108  | -2.4857e+00 | 1.51e+04 | 2.25e-06 | 0.00e+00 |
| 1859  |146545 | 7111  | -2.4857e+00 | 1.51e+04 | 2.27e-06 | 0.00e+00 |
| 1860  |146545 | 7111  | -2.4857e+00 | 7.57e+04 | 2.86e-06 | 0.00e+00 |
| 1861  |146624 | 7120  | -2.4931e+00 | 7.57e+04 | 3.02e-06 | 0.00e+00 |
| 1862  |146703 | 7130  | -2.4945e+00 | 7.57e+04 | 3.10e-06 | 0.00e+00 |
| 1863  |146782 | 7135  | -2.4948e+00 | 7.57e+04 | 3.12e-06 | 0.00e+00 |
| 1864  |146861 | 7139  | -2.4949e+00 | 7.57e+04 | 3.12e-06 | 0.00e+00 |
| 1865  |146940 | 7145  | -2.4952e+00 | 7.57e+04 | 3.11e-06 | 0.00e+00 |
| 1866  |147019 | 7149  | -2.4953e+00 | 7.57e+04 | 3.13e-06 | 0.00e+00 |
| 1867  |147098 | 7153  | -2.4954e+00 | 7.57e+04 | 3.15e-06 | 0.00e+00 |
| 1868  |147177 | 7157  | -2.4954e+00 | 7.57e+04 | 3.17e-06 | 0.00e+00 |
| 1869  |147256 | 7161  | -2.4955e+00 | 7.57e+04 | 3.21e-06 | 0.00e+00 |
| 1870  |147335 | 7165  | -2.4956e+00 | 7.57e+04 | 3.24e-06 | 0.00e+00 |
| 1871  |147414 | 7169  | -2.4957e+00 | 7.57e+04 | 3.29e-06 | 0.00e+00 |
| 1872  |147493 | 7173  | -2.4957e+00 | 7.57e+04 | 3.34e-06 | 0.00e+00 |
| 1873  |147572 | 7177  | -2.4958e+00 | 7.57e+04 | 3.39e-06 | 0.00e+00 |
| 1874  |147651 | 7179  | -2.4958e+00 | 7.57e+04 | 3.44e-06 | 0.00e+00 |
| 1875  |147730 | 7181  | -2.4958e+00 | 7.57e+04 | 3.50e-06 | 0.00e+00 |
| 1876  |147809 | 7183  | -2.4958e+00 | 7.57e+04 | 3.55e-06 | 0.00e+00 |
| 1877  |147888 | 7185  | -2.4958e+00 | 7.57e+04 | 3.61e-06 | 0.00e+00 |
| 1878  |147967 | 7187  | -2.4958e+00 | 7.57e+04 | 3.66e-06 | 0.00e+00 |
| 1879  |148046 | 7189  | -2.4958e+00 | 7.57e+04 | 3.72e-06 | 0.00e+00 |
| 1880  |148125 | 7191  | -2.4958e+00 | 7.57e+04 | 3.78e-06 | 0.00e+00 |
| 1881  |148204 | 7193  | -2.4958e+00 | 7.57e+04 | 3.84e-06 | 0.00e+00 |
| 1882  |148283 | 7195  | -2.4959e+00 | 7.57e+04 | 3.90e-06 | 0.00e+00 |
| 1883  |148362 | 7197  | -2.4959e+00 | 7.57e+04 | 3.96e-06 | 0.00e+00 |
| 1884  |148441 | 7199  | -2.4959e+00 | 7.57e+04 | 4.02e-06 | 0.00e+00 |
| 1885  |148520 | 7201  | -2.4959e+00 | 7.57e+04 | 4.08e-06 | 0.00e+00 |
| 1886  |148599 | 7203  | -2.4959e+00 | 7.57e+04 | 4.14e-06 | 0.00e+00 |
| 1887  |148678 | 7205  | -2.4959e+00 | 7.57e+04 | 4.20e-06 | 0.00e+00 |
| 1888  |148757 | 7207  | -2.4959e+00 | 7.57e+04 | 4.26e-06 | 0.00e+00 |
| 1889  |148836 | 7209  | -2.4959e+00 | 7.57e+04 | 4.33e-06 | 0.00e+00 |
| 1890  |148915 | 7211  | -2.4959e+00 | 7.57e+04 | 4.39e-06 | 0.00e+00 |
| 1891  |148994 | 7213  | -2.4960e+00 | 7.57e+04 | 4.46e-06 | 0.00e+00 |
| 1892  |149073 | 7215  | -2.4960e+00 | 7.57e+04 | 4.53e-06 | 0.00e+00 |
| 1893  |149152 | 7217  | -2.4960e+00 | 7.57e+04 | 4.59e-06 | 0.00e+00 |
| 1894  |149231 | 7219  | -2.4960e+00 | 7.57e+04 | 4.66e-06 | 0.00e+00 |
| 1895  |149310 | 7221  | -2.4960e+00 | 7.57e+04 | 4.73e-06 | 0.00e+00 |
| 1896  |149389 | 7222  | -2.4960e+00 | 7.57e+04 | 4.78e-06 | 0.00e+00 |
| 1897  |149468 | 7223  | -2.4960e+00 | 7.57e+04 | 4.84e-06 | 0.00e+00 |
| 1898  |149547 | 7224  | -2.4960e+00 | 7.57e+04 | 4.89e-06 | 0.00e+00 |
| 1899  |149626 | 7225  | -2.4960e+00 | 7.57e+04 | 4.94e-06 | 0.00e+00 |
| 1900  |149705 | 7226  | -2.4960e+00 | 7.57e+04 | 5.00e-06 | 0.00e+00 |
| 1901  |149784 | 7227  | -2.4960e+00 | 7.57e+04 | 5.05e-06 | 0.00e+00 |
| 1902  |149863 | 7228  | -2.4960e+00 | 7.57e+04 | 5.11e-06 | 0.00e+00 |
| 1903  |149942 | 7229  | -2.4960e+00 | 7.57e+04 | 5.16e-06 | 0.00e+00 |
| 1904  |150021 | 7230  | -2.4960e+00 | 7.57e+04 | 5.22e-06 | 0.00e+00 |
| 1905  |150100 | 7231  | -2.4960e+00 | 7.57e+04 | 5.28e-06 | 0.00e+00 |
| 1906  |150179 | 7232  | -2.4960e+00 | 7.57e+04 | 5.33e-06 | 0.00e+00 |
| 1907  |150258 | 7233  | -2.4960e+00 | 7.57e+04 | 5.39e-06 | 0.00e+00 |
| 1908  |150337 | 7234  | -2.4960e+00 | 7.57e+04 | 5.45e-06 | 0.00e+00 |
| 1909  |150416 | 7235  | -2.4960e+00 | 7.57e+04 | 5.51e-06 | 0.00e+00 |
| 1910  |150495 | 7236  | -2.4960e+00 | 7.57e+04 | 5.57e-06 | 0.00e+00 |
| 1911  |150574 | 7237  | -2.4960e+00 | 7.57e+04 | 5.63e-06 | 0.00e+00 |
| 1912  |150653 | 7238  | -2.4960e+00 | 7.57e+04 | 5.69e-06 | 0.00e+00 |
| 1913  |150732 | 7239  | -2.4960e+00 | 7.57e+04 | 5.76e-06 | 0.00e+00 |
| 1914  |150811 | 7240  | -2.4960e+00 | 7.57e+04 | 5.82e-06 | 0.00e+00 |
| 1915  |150890 | 7241  | -2.4960e+00 | 7.57e+04 | 5.88e-06 | 0.00e+00 |
| 1916  |150969 | 7242  | -2.4960e+00 | 7.57e+04 | 5.95e-06 | 0.00e+00 |
| 1917  |151048 | 7243  | -2.4960e+00 | 7.57e+04 | 6.01e-06 | 0.00e+00 |
| 1918  |151127 | 7244  | -2.4960e+00 | 7.57e+04 | 6.08e-06 | 0.00e+00 |
| 1919  |151206 | 7245  | -2.4960e+00 | 7.57e+04 | 6.15e-06 | 0.00e+00 |
| 1920  |151285 | 7246  | -2.4960e+00 | 7.57e+04 | 6.21e-06 | 0.00e+00 |
| 1921  |151364 | 7247  | -2.4960e+00 | 7.57e+04 | 6.28e-06 | 0.00e+00 |
| 1922  |151443 | 7248  | -2.4960e+00 | 7.57e+04 | 6.35e-06 | 0.00e+00 |
| 1923  |151522 | 7249  | -2.4960e+00 | 7.57e+04 | 6.42e-06 | 0.00e+00 |
| 1924  |151601 | 7250  | -2.4960e+00 | 7.57e+04 | 6.49e-06 | 0.00e+00 |
| 1925  |151680 | 7251  | -2.4960e+00 | 7.57e+04 | 6.56e-06 | 0.00e+00 |
| 1926  |151759 | 7252  | -2.4960e+00 | 7.57e+04 | 6.64e-06 | 0.00e+00 |
| 1927  |151838 | 7253  | -2.4960e+00 | 7.57e+04 | 6.71e-06 | 0.00e+00 |
| 1928  |151917 | 7254  | -2.4960e+00 | 7.57e+04 | 6.78e-06 | 0.00e+00 |
| 1929  |151996 | 7255  | -2.4960e+00 | 7.57e+04 | 6.86e-06 | 0.00e+00 |
| 1930  |152075 | 7256  | -2.4960e+00 | 7.57e+04 | 6.93e-06 | 0.00e+00 |
| 1931  |152154 | 7257  | -2.4960e+00 | 7.57e+04 | 7.01e-06 | 0.00e+00 |
| 1932  |152233 | 7258  | -2.4960e+00 | 7.57e+04 | 7.09e-06 | 0.00e+00 |
| 1933  |152312 | 7259  | -2.4960e+00 | 7.57e+04 | 7.17e-06 | 0.00e+00 |
| 1934  |152391 | 7260  | -2.4961e+00 | 7.57e+04 | 7.25e-06 | 0.00e+00 |
| 1935  |152470 | 7261  | -2.4961e+00 | 7.57e+04 | 7.33e-06 | 0.00e+00 |
| 1936  |152549 | 7262  | -2.4961e+00 | 7.57e+04 | 7.41e-06 | 0.00e+00 |
| 1937  |152628 | 7263  | -2.4961e+00 | 7.57e+04 | 7.49e-06 | 0.00e+00 |
| 1938  |152707 | 7264  | -2.4961e+00 | 7.57e+04 | 7.57e-06 | 0.00e+00 |
| 1939  |152786 | 7265  | -2.4961e+00 | 7.57e+04 | 7.66e-06 | 0.00e+00 |
| 1940  |152865 | 7266  | -2.4961e+00 | 7.57e+04 | 7.74e-06 | 0.00e+00 |
| 1941  |152944 | 7267  | -2.4961e+00 | 7.57e+04 | 7.83e-06 | 0.00e+00 |
| 1942  |153023 | 7268  | -2.4961e+00 | 7.57e+04 | 7.92e-06 | 0.00e+00 |
| 1943  |153102 | 7269  | -2.4961e+00 | 7.57e+04 | 8.00e-06 | 0.00e+00 |
| 1944  |153181 | 7270  | -2.4961e+00 | 7.57e+04 | 8.09e-06 | 0.00e+00 |
| 1945  |153260 | 7271  | -2.4961e+00 | 7.57e+04 | 8.18e-06 | 0.00e+00 |
| 1946  |153339 | 7272  | -2.4961e+00 | 7.57e+04 | 8.28e-06 | 0.00e+00 |
| 1947  |153418 | 7273  | -2.4961e+00 | 7.57e+04 | 8.37e-06 | 0.00e+00 |
| 1948  |153497 | 7274  | -2.4961e+00 | 7.57e+04 | 8.46e-06 | 0.00e+00 |
| 1949  |153576 | 7275  | -2.4961e+00 | 7.57e+04 | 8.56e-06 | 0.00e+00 |
| 1950  |153655 | 7276  | -2.4961e+00 | 7.57e+04 | 8.65e-06 | 0.00e+00 |
| 1951  |153734 | 7277  | -2.4961e+00 | 7.57e+04 | 8.75e-06 | 0.00e+00 |
| 1952  |153813 | 7278  | -2.4961e+00 | 7.57e+04 | 8.85e-06 | 0.00e+00 |
| 1953  |153892 | 7279  | -2.4961e+00 | 7.57e+04 | 8.95e-06 | 0.00e+00 |
| 1954  |153971 | 7280  | -2.4961e+00 | 7.57e+04 | 9.05e-06 | 0.00e+00 |
| 1955  |154050 | 7281  | -2.4961e+00 | 7.57e+04 | 9.15e-06 | 0.00e+00 |
| 1956  |154129 | 7282  | -2.4961e+00 | 7.57e+04 | 9.25e-06 | 0.00e+00 |
| 1957  |154208 | 7283  | -2.4961e+00 | 7.57e+04 | 9.36e-06 | 0.00e+00 |
| 1958  |154287 | 7284  | -2.4961e+00 | 7.57e+04 | 9.46e-06 | 0.00e+00 |
| 1959  |154366 | 7285  | -2.4961e+00 | 7.57e+04 | 9.57e-06 | 0.00e+00 |
| 1960  |154445 | 7286  | -2.4961e+00 | 7.57e+04 | 9.68e-06 | 0.00e+00 |
| 1961  |154524 | 7287  | -2.4961e+00 | 7.57e+04 | 9.79e-06 | 0.00e+00 |
| 1962  |154603 | 7288  | -2.4961e+00 | 7.57e+04 | 9.90e-06 | 0.00e+00 |
| 1963  |154682 | 7289  | -2.4961e+00 | 7.57e+04 | 1.00e-05 | 0.00e+00 |
| 1964  |154761 | 7290  | -2.4961e+00 | 7.57e+04 | 1.01e-05 | 0.00e+00 |
| 1965  |154840 | 7291  | -2.4961e+00 | 7.57e+04 | 1.02e-05 | 0.00e+00 |
| 1966  |154919 | 7292  | -2.4961e+00 | 7.57e+04 | 1.04e-05 | 0.00e+00 |
| 1967  |154998 | 7293  | -2.4961e+00 | 7.57e+04 | 1.05e-05 | 0.00e+00 |
| 1968  |155077 | 7294  | -2.4961e+00 | 7.57e+04 | 1.06e-05 | 0.00e+00 |
| 1969  |155156 | 7295  | -2.4961e+00 | 7.57e+04 | 1.07e-05 | 0.00e+00 |
| 1970  |155235 | 7296  | -2.4961e+00 | 7.57e+04 | 1.08e-05 | 0.00e+00 |
| 1971  |155314 | 7297  | -2.4961e+00 | 7.57e+04 | 1.10e-05 | 0.00e+00 |
| 1972  |155393 | 7298  | -2.4961e+00 | 7.57e+04 | 1.11e-05 | 0.00e+00 |
| 1973  |155472 | 7299  | -2.4961e+00 | 7.57e+04 | 1.12e-05 | 0.00e+00 |
| 1974  |155551 | 7300  | -2.4961e+00 | 7.57e+04 | 1.13e-05 | 0.00e+00 |
| 1975  |155630 | 7301  | -2.4961e+00 | 7.57e+04 | 1.15e-05 | 0.00e+00 |
| 1976  |155709 | 7302  | -2.4961e+00 | 7.57e+04 | 1.16e-05 | 0.00e+00 |
| 1977  |155788 | 7303  | -2.4961e+00 | 7.57e+04 | 1.17e-05 | 0.00e+00 |
| 1978  |155867 | 7304  | -2.4961e+00 | 7.57e+04 | 1.19e-05 | 0.00e+00 |
| 1979  |155946 | 7305  | -2.4961e+00 | 7.57e+04 | 1.20e-05 | 0.00e+00 |
| 1980  |156025 | 7306  | -2.4961e+00 | 7.57e+04 | 1.21e-05 | 0.00e+00 |
| 1981  |156104 | 7307  | -2.4961e+00 | 7.57e+04 | 1.23e-05 | 0.00e+00 |
| 1982  |156183 | 7308  | -2.4961e+00 | 7.57e+04 | 1.24e-05 | 0.00e+00 |
| 1983  |156262 | 7309  | -2.4961e+00 | 7.57e+04 | 1.26e-05 | 0.00e+00 |
| 1984  |156341 | 7310  | -2.4961e+00 | 7.57e+04 | 1.27e-05 | 0.00e+00 |
| 1985  |156420 | 7311  | -2.4961e+00 | 7.57e+04 | 1.29e-05 | 0.00e+00 |
| 1986  |156499 | 7312  | -2.4961e+00 | 7.57e+04 | 1.30e-05 | 0.00e+00 |
| 1987  |156578 | 7313  | -2.4962e+00 | 7.57e+04 | 1.32e-05 | 0.00e+00 |
| 1988  |156657 | 7314  | -2.4962e+00 | 7.57e+04 | 1.33e-05 | 0.00e+00 |
| 1989  |156736 | 7315  | -2.4962e+00 | 7.57e+04 | 1.35e-05 | 0.00e+00 |
| 1990  |156815 | 7316  | -2.4962e+00 | 7.57e+04 | 1.36e-05 | 0.00e+00 |
| 1991  |156894 | 7317  | -2.4962e+00 | 7.57e+04 | 1.38e-05 | 0.00e+00 |
| 1992  |156973 | 7318  | -2.4962e+00 | 7.57e+04 | 1.39e-05 | 0.00e+00 |
| 1993  |157052 | 7319  | -2.4962e+00 | 7.57e+04 | 1.41e-05 | 0.00e+00 |
| 1994  |157131 | 7320  | -2.4962e+00 | 7.57e+04 | 1.43e-05 | 0.00e+00 |
| 1995  |157210 | 7321  | -2.4962e+00 | 7.57e+04 | 1.44e-05 | 0.00e+00 |
| 1996  |157289 | 7322  | -2.4962e+00 | 7.57e+04 | 1.46e-05 | 0.00e+00 |
| 1997  |157368 | 7323  | -2.4962e+00 | 7.57e+04 | 1.48e-05 | 0.00e+00 |
| 1998  |157447 | 7324  | -2.4962e+00 | 7.57e+04 | 1.49e-05 | 0.00e+00 |
| 1999  |157526 | 7325  | -2.4962e+00 | 7.57e+04 | 1.51e-05 | 0.00e+00 |
| 2000  |157605 | 7326  | -2.4962e+00 | 7.57e+04 | 1.53e-05 | 0.00e+00 |
| 2001  |157684 | 7327  | -2.4962e+00 | 7.57e+04 | 1.55e-05 | 0.00e+00 |
| 2002  |157763 | 7328  | -2.4962e+00 | 7.57e+04 | 1.57e-05 | 0.00e+00 |
| 2003  |157842 | 7329  | -2.4962e+00 | 7.57e+04 | 1.58e-05 | 0.00e+00 |
| 2004  |157921 | 7330  | -2.4962e+00 | 7.57e+04 | 1.60e-05 | 0.00e+00 |
| 2005  |158000 | 7331  | -2.4962e+00 | 7.57e+04 | 1.62e-05 | 0.00e+00 |
| 2006  |158079 | 7332  | -2.4962e+00 | 7.57e+04 | 1.64e-05 | 0.00e+00 |
| 2007  |158158 | 7333  | -2.4962e+00 | 7.57e+04 | 1.66e-05 | 0.00e+00 |
| 2008  |158237 | 7334  | -2.4962e+00 | 7.57e+04 | 1.68e-05 | 0.00e+00 |
| 2009  |158316 | 7335  | -2.4962e+00 | 7.57e+04 | 1.70e-05 | 0.00e+00 |
| 2010  |158395 | 7336  | -2.4962e+00 | 7.57e+04 | 1.72e-05 | 0.00e+00 |
| 2011  |158474 | 7337  | -2.4962e+00 | 7.57e+04 | 1.74e-05 | 0.00e+00 |
| 2012  |158553 | 7338  | -2.4962e+00 | 7.57e+04 | 1.76e-05 | 0.00e+00 |
| 2013  |158632 | 7339  | -2.4962e+00 | 7.57e+04 | 1.79e-05 | 0.00e+00 |
| 2014  |158711 | 7340  | -2.4962e+00 | 7.57e+04 | 1.81e-05 | 0.00e+00 |
| 2015  |158790 | 7341  | -2.4962e+00 | 7.57e+04 | 1.83e-05 | 0.00e+00 |
| 2016  |158869 | 7342  | -2.4962e+00 | 7.57e+04 | 1.85e-05 | 0.00e+00 |
| 2017  |158948 | 7343  | -2.4963e+00 | 7.57e+04 | 1.88e-05 | 0.00e+00 |
| 2018  |159027 | 7344  | -2.4963e+00 | 7.57e+04 | 1.90e-05 | 0.00e+00 |
| 2019  |159106 | 7345  | -2.4963e+00 | 7.57e+04 | 1.92e-05 | 0.00e+00 |
| 2020  |159185 | 7346  | -2.4963e+00 | 7.57e+04 | 1.95e-05 | 0.00e+00 |
| 2021  |159264 | 7347  | -2.4963e+00 | 7.57e+04 | 1.97e-05 | 0.00e+00 |
| 2022  |159343 | 7348  | -2.4963e+00 | 7.57e+04 | 1.99e-05 | 0.00e+00 |
| 2023  |159422 | 7349  | -2.4963e+00 | 7.57e+04 | 2.02e-05 | 0.00e+00 |
| 2024  |159501 | 7350  | -2.4963e+00 | 7.57e+04 | 2.04e-05 | 0.00e+00 |
| 2025  |159580 | 7351  | -2.4963e+00 | 7.57e+04 | 2.07e-05 | 0.00e+00 |
| 2026  |159659 | 7352  | -2.4963e+00 | 7.57e+04 | 2.09e-05 | 0.00e+00 |
| 2027  |159738 | 7353  | -2.4963e+00 | 7.57e+04 | 2.12e-05 | 0.00e+00 |
| 2028  |159817 | 7354  | -2.4963e+00 | 7.57e+04 | 2.15e-05 | 0.00e+00 |
| 2029  |159896 | 7355  | -2.4963e+00 | 7.57e+04 | 2.17e-05 | 0.00e+00 |
| 2030  |159975 | 7356  | -2.4963e+00 | 7.57e+04 | 2.20e-05 | 0.00e+00 |
| 2031  |160054 | 7357  | -2.4963e+00 | 7.57e+04 | 2.23e-05 | 0.00e+00 |
| 2032  |160133 | 7358  | -2.4963e+00 | 7.57e+04 | 2.26e-05 | 0.00e+00 |
| 2033  |160212 | 7359  | -2.4963e+00 | 7.57e+04 | 2.28e-05 | 0.00e+00 |
| 2034  |160291 | 7360  | -2.4963e+00 | 7.57e+04 | 2.31e-05 | 0.00e+00 |
| 2035  |160370 | 7361  | -2.4963e+00 | 7.57e+04 | 2.34e-05 | 0.00e+00 |
| 2036  |160449 | 7362  | -2.4963e+00 | 7.57e+04 | 2.37e-05 | 0.00e+00 |
| 2037  |160528 | 7363  | -2.4963e+00 | 7.57e+04 | 2.40e-05 | 0.00e+00 |
| 2038  |160607 | 7364  | -2.4964e+00 | 7.57e+04 | 2.43e-05 | 0.00e+00 |
| 2039  |160686 | 7365  | -2.4964e+00 | 7.57e+04 | 2.46e-05 | 0.00e+00 |
| 2040  |160765 | 7366  | -2.4964e+00 | 7.57e+04 | 2.49e-05 | 0.00e+00 |
| 2041  |160844 | 7367  | -2.4964e+00 | 7.57e+04 | 2.53e-05 | 0.00e+00 |
| 2042  |160923 | 7368  | -2.4964e+00 | 7.57e+04 | 2.56e-05 | 0.00e+00 |
| 2043  |161002 | 7369  | -2.4964e+00 | 7.57e+04 | 2.59e-05 | 0.00e+00 |
| 2044  |161081 | 7370  | -2.4964e+00 | 7.57e+04 | 2.62e-05 | 0.00e+00 |
| 2045  |161160 | 7371  | -2.4964e+00 | 7.57e+04 | 2.66e-05 | 0.00e+00 |
| 2046  |161239 | 7372  | -2.4964e+00 | 7.57e+04 | 2.69e-05 | 0.00e+00 |
| 2047  |161318 | 7373  | -2.4964e+00 | 7.57e+04 | 2.72e-05 | 0.00e+00 |
| 2048  |161397 | 7374  | -2.4964e+00 | 7.57e+04 | 2.76e-05 | 0.00e+00 |
| 2049  |161476 | 7375  | -2.4964e+00 | 7.57e+04 | 2.79e-05 | 0.00e+00 |
| 2050  |161555 | 7376  | -2.4964e+00 | 7.57e+04 | 2.83e-05 | 0.00e+00 |
| 2051  |161634 | 7377  | -2.4964e+00 | 7.57e+04 | 2.87e-05 | 0.00e+00 |
| 2052  |161713 | 7378  | -2.4964e+00 | 7.57e+04 | 2.90e-05 | 0.00e+00 |
| 2053  |161792 | 7379  | -2.4964e+00 | 7.57e+04 | 2.94e-05 | 0.00e+00 |
| 2054  |161871 | 7380  | -2.4965e+00 | 7.57e+04 | 2.98e-05 | 0.00e+00 |
| 2055  |161950 | 7381  | -2.4965e+00 | 7.57e+04 | 3.02e-05 | 0.00e+00 |
| 2056  |162029 | 7382  | -2.4965e+00 | 7.57e+04 | 3.06e-05 | 0.00e+00 |
| 2057  |162108 | 7383  | -2.4965e+00 | 7.57e+04 | 3.10e-05 | 0.00e+00 |
| 2058  |162187 | 7384  | -2.4965e+00 | 7.57e+04 | 3.14e-05 | 0.00e+00 |
| 2059  |162266 | 7385  | -2.4965e+00 | 7.57e+04 | 3.18e-05 | 0.00e+00 |
| 2060  |162345 | 7386  | -2.4965e+00 | 7.57e+04 | 3.22e-05 | 0.00e+00 |
| 2061  |162424 | 7387  | -2.4965e+00 | 7.57e+04 | 3.26e-05 | 0.00e+00 |
| 2062  |162503 | 7388  | -2.4965e+00 | 7.57e+04 | 3.30e-05 | 0.00e+00 |
| 2063  |162582 | 7389  | -2.4965e+00 | 7.57e+04 | 3.34e-05 | 0.00e+00 |
| 2064  |162661 | 7390  | -2.4965e+00 | 7.57e+04 | 3.39e-05 | 0.00e+00 |
| 2065  |162740 | 7391  | -2.4965e+00 | 7.57e+04 | 3.43e-05 | 0.00e+00 |
| 2066  |162819 | 7392  | -2.4965e+00 | 7.57e+04 | 3.47e-05 | 0.00e+00 |
| 2067  |162898 | 7393  | -2.4966e+00 | 7.57e+04 | 3.52e-05 | 0.00e+00 |
| 2068  |162977 | 7394  | -2.4966e+00 | 7.57e+04 | 3.56e-05 | 0.00e+00 |
| 2069  |163056 | 7395  | -2.4966e+00 | 7.57e+04 | 3.61e-05 | 0.00e+00 |
| 2070  |163135 | 7396  | -2.4966e+00 | 7.57e+04 | 3.66e-05 | 0.00e+00 |
| 2071  |163214 | 7397  | -2.4966e+00 | 7.57e+04 | 3.70e-05 | 0.00e+00 |
| 2072  |163293 | 7398  | -2.4966e+00 | 7.57e+04 | 3.75e-05 | 0.00e+00 |
| 2073  |163372 | 7399  | -2.4966e+00 | 7.57e+04 | 3.80e-05 | 0.00e+00 |
| 2074  |163451 | 7400  | -2.4966e+00 | 7.57e+04 | 3.85e-05 | 0.00e+00 |
| 2075  |163530 | 7401  | -2.4966e+00 | 7.57e+04 | 3.90e-05 | 0.00e+00 |
| 2076  |163609 | 7402  | -2.4966e+00 | 7.57e+04 | 3.95e-05 | 0.00e+00 |
| 2077  |163688 | 7403  | -2.4967e+00 | 7.57e+04 | 4.00e-05 | 0.00e+00 |
| 2078  |163767 | 7404  | -2.4967e+00 | 7.57e+04 | 4.05e-05 | 0.00e+00 |
| 2079  |163846 | 7405  | -2.4967e+00 | 7.57e+04 | 4.11e-05 | 0.00e+00 |
| 2080  |163925 | 7406  | -2.4967e+00 | 7.57e+04 | 4.16e-05 | 0.00e+00 |
| 2081  |164004 | 7407  | -2.4967e+00 | 7.57e+04 | 4.21e-05 | 0.00e+00 |
| 2082  |164083 | 7408  | -2.4967e+00 | 7.57e+04 | 4.27e-05 | 0.00e+00 |
| 2083  |164162 | 7409  | -2.4967e+00 | 7.57e+04 | 4.32e-05 | 0.00e+00 |
| 2084  |164241 | 7410  | -2.4967e+00 | 7.57e+04 | 4.38e-05 | 0.00e+00 |
| 2085  |164320 | 7411  | -2.4967e+00 | 7.57e+04 | 4.43e-05 | 0.00e+00 |
| 2086  |164399 | 7412  | -2.4968e+00 | 7.57e+04 | 4.49e-05 | 0.00e+00 |
| 2087  |164478 | 7413  | -2.4968e+00 | 7.57e+04 | 4.55e-05 | 0.00e+00 |
| 2088  |164557 | 7414  | -2.4968e+00 | 7.57e+04 | 4.61e-05 | 0.00e+00 |
| 2089  |164636 | 7415  | -2.4968e+00 | 7.57e+04 | 4.67e-05 | 0.00e+00 |
| 2090  |164715 | 7416  | -2.4968e+00 | 7.57e+04 | 4.73e-05 | 0.00e+00 |
| 2091  |164794 | 7417  | -2.4968e+00 | 7.57e+04 | 4.79e-05 | 0.00e+00 |
| 2092  |164873 | 7418  | -2.4968e+00 | 7.57e+04 | 4.85e-05 | 0.00e+00 |
| 2093  |164952 | 7419  | -2.4968e+00 | 7.57e+04 | 4.91e-05 | 0.00e+00 |
| 2094  |165031 | 7420  | -2.4969e+00 | 7.57e+04 | 4.98e-05 | 0.00e+00 |
| 2095  |165110 | 7421  | -2.4969e+00 | 7.57e+04 | 5.04e-05 | 0.00e+00 |
| 2096  |165189 | 7422  | -2.4969e+00 | 7.57e+04 | 5.11e-05 | 0.00e+00 |
| 2097  |165268 | 7423  | -2.4969e+00 | 7.57e+04 | 5.17e-05 | 0.00e+00 |
| 2098  |165347 | 7424  | -2.4969e+00 | 7.57e+04 | 5.24e-05 | 0.00e+00 |
| 2099  |165426 | 7425  | -2.4969e+00 | 7.57e+04 | 5.31e-05 | 0.00e+00 |
| 2100  |165505 | 7426  | -2.4969e+00 | 7.57e+04 | 5.37e-05 | 0.00e+00 |
| 2101  |165584 | 7427  | -2.4970e+00 | 7.57e+04 | 5.44e-05 | 0.00e+00 |
| 2102  |165663 | 7428  | -2.4970e+00 | 7.57e+04 | 5.51e-05 | 0.00e+00 |
| 2103  |165742 | 7429  | -2.4970e+00 | 7.57e+04 | 5.58e-05 | 0.00e+00 |
| 2104  |165821 | 7430  | -2.4970e+00 | 7.57e+04 | 5.66e-05 | 0.00e+00 |
| 2105  |165900 | 7431  | -2.4970e+00 | 7.57e+04 | 5.73e-05 | 0.00e+00 |
| 2106  |165979 | 7432  | -2.4970e+00 | 7.57e+04 | 5.80e-05 | 0.00e+00 |
| 2107  |166058 | 7433  | -2.4971e+00 | 7.57e+04 | 5.88e-05 | 0.00e+00 |
| 2108  |166137 | 7434  | -2.4971e+00 | 7.57e+04 | 5.95e-05 | 0.00e+00 |
| 2109  |166216 | 7435  | -2.4971e+00 | 7.57e+04 | 6.03e-05 | 0.00e+00 |
| 2110  |166295 | 7436  | -2.4971e+00 | 7.57e+04 | 6.10e-05 | 0.00e+00 |
| 2111  |166374 | 7437  | -2.4971e+00 | 7.57e+04 | 6.18e-05 | 0.00e+00 |
| 2112  |166453 | 7438  | -2.4971e+00 | 7.57e+04 | 6.26e-05 | 0.00e+00 |
| 2113  |166532 | 7439  | -2.4972e+00 | 7.57e+04 | 6.34e-05 | 0.00e+00 |
| 2114  |166611 | 7440  | -2.4972e+00 | 7.57e+04 | 6.42e-05 | 0.00e+00 |
| 2115  |166690 | 7441  | -2.4972e+00 | 7.57e+04 | 6.50e-05 | 0.00e+00 |
| 2116  |166769 | 7442  | -2.4972e+00 | 7.57e+04 | 6.58e-05 | 0.00e+00 |
| 2117  |166848 | 7443  | -2.4972e+00 | 7.57e+04 | 6.67e-05 | 0.00e+00 |
| 2118  |166927 | 7444  | -2.4973e+00 | 7.57e+04 | 6.75e-05 | 0.00e+00 |
| 2119  |167006 | 7445  | -2.4973e+00 | 7.57e+04 | 6.83e-05 | 0.00e+00 |
| 2120  |167085 | 7446  | -2.4973e+00 | 7.57e+04 | 6.92e-05 | 0.00e+00 |
| 2121  |167164 | 7447  | -2.4973e+00 | 7.57e+04 | 7.00e-05 | 0.00e+00 |
| 2122  |167243 | 7448  | -2.4973e+00 | 7.57e+04 | 7.09e-05 | 0.00e+00 |
| 2123  |167322 | 7449  | -2.4974e+00 | 7.57e+04 | 7.18e-05 | 0.00e+00 |
| 2124  |167401 | 7450  | -2.4974e+00 | 7.57e+04 | 7.27e-05 | 0.00e+00 |
| 2125  |167480 | 7451  | -2.4974e+00 | 7.57e+04 | 7.36e-05 | 0.00e+00 |
| 2126  |167559 | 7452  | -2.4974e+00 | 7.57e+04 | 7.45e-05 | 0.00e+00 |
| 2127  |167638 | 7453  | -2.4974e+00 | 7.57e+04 | 7.54e-05 | 0.00e+00 |
| 2128  |167717 | 7454  | -2.4975e+00 | 7.57e+04 | 7.63e-05 | 0.00e+00 |
| 2129  |167796 | 7455  | -2.4975e+00 | 7.57e+04 | 7.73e-05 | 0.00e+00 |
| 2130  |167875 | 7456  | -2.4975e+00 | 7.57e+04 | 7.82e-05 | 0.00e+00 |
| 2131  |167954 | 7457  | -2.4975e+00 | 7.57e+04 | 7.92e-05 | 0.00e+00 |
| 2132  |168033 | 7458  | -2.4976e+00 | 7.57e+04 | 8.01e-05 | 0.00e+00 |
| 2133  |168112 | 7459  | -2.4976e+00 | 7.57e+04 | 8.11e-05 | 0.00e+00 |
| 2134  |168191 | 7460  | -2.4976e+00 | 7.57e+04 | 8.21e-05 | 0.00e+00 |
| 2135  |168270 | 7461  | -2.4976e+00 | 7.57e+04 | 8.31e-05 | 0.00e+00 |
| 2136  |168349 | 7462  | -2.4977e+00 | 7.57e+04 | 8.41e-05 | 0.00e+00 |
| 2137  |168428 | 7463  | -2.4977e+00 | 7.57e+04 | 8.51e-05 | 0.00e+00 |
| 2138  |168507 | 7464  | -2.4977e+00 | 7.57e+04 | 8.61e-05 | 0.00e+00 |
| 2139  |168586 | 7465  | -2.4978e+00 | 7.57e+04 | 8.71e-05 | 0.00e+00 |
| 2140  |168665 | 7466  | -2.4978e+00 | 7.57e+04 | 8.82e-05 | 0.00e+00 |
| 2141  |168744 | 7467  | -2.4978e+00 | 7.57e+04 | 8.92e-05 | 0.00e+00 |
| 2142  |168823 | 7468  | -2.4978e+00 | 7.57e+04 | 9.03e-05 | 0.00e+00 |
| 2143  |168902 | 7469  | -2.4979e+00 | 7.57e+04 | 9.13e-05 | 0.00e+00 |
| 2144  |168981 | 7470  | -2.4979e+00 | 7.57e+04 | 9.24e-05 | 0.00e+00 |
| 2145  |169060 | 7471  | -2.4979e+00 | 7.57e+04 | 9.35e-05 | 0.00e+00 |
| 2146  |169139 | 7472  | -2.4980e+00 | 7.57e+04 | 9.46e-05 | 0.00e+00 |
| 2147  |169218 | 7473  | -2.4980e+00 | 7.57e+04 | 9.57e-05 | 0.00e+00 |
| 2148  |169297 | 7474  | -2.4980e+00 | 7.57e+04 | 9.68e-05 | 0.00e+00 |
| 2149  |169376 | 7475  | -2.4981e+00 | 7.57e+04 | 9.79e-05 | 0.00e+00 |
| 2150  |169455 | 7476  | -2.4981e+00 | 7.57e+04 | 9.91e-05 | 0.00e+00 |
| 2151  |169534 | 7477  | -2.4981e+00 | 7.57e+04 | 1.00e-04 | 0.00e+00 |
| 2152  |169613 | 7478  | -2.4982e+00 | 7.57e+04 | 1.01e-04 | 0.00e+00 |
| 2153  |169692 | 7479  | -2.4982e+00 | 7.57e+04 | 1.03e-04 | 0.00e+00 |
| 2154  |169771 | 7480  | -2.4982e+00 | 7.57e+04 | 1.04e-04 | 0.00e+00 |
| 2155  |169850 | 7481  | -2.4983e+00 | 7.57e+04 | 1.05e-04 | 0.00e+00 |
| 2156  |169929 | 7482  | -2.4983e+00 | 7.57e+04 | 1.06e-04 | 0.00e+00 |
| 2157  |170008 | 7483  | -2.4983e+00 | 7.57e+04 | 1.07e-04 | 0.00e+00 |
| 2158  |170087 | 7484  | -2.4984e+00 | 7.57e+04 | 1.08e-04 | 0.00e+00 |
| 2159  |170166 | 7485  | -2.4984e+00 | 7.57e+04 | 1.10e-04 | 0.00e+00 |
| 2160  |170245 | 7486  | -2.4985e+00 | 7.57e+04 | 1.11e-04 | 0.00e+00 |
| 2161  |170324 | 7487  | -2.4985e+00 | 7.57e+04 | 1.12e-04 | 0.00e+00 |
| 2162  |170403 | 7488  | -2.4985e+00 | 7.57e+04 | 1.13e-04 | 0.00e+00 |
| 2163  |170482 | 7489  | -2.4986e+00 | 7.57e+04 | 1.15e-04 | 0.00e+00 |
| 2164  |170561 | 7490  | -2.4986e+00 | 7.57e+04 | 1.16e-04 | 0.00e+00 |
| 2165  |170640 | 7491  | -2.4987e+00 | 7.57e+04 | 1.17e-04 | 0.00e+00 |
| 2166  |170719 | 7492  | -2.4987e+00 | 7.57e+04 | 1.18e-04 | 0.00e+00 |
| 2167  |170798 | 7493  | -2.4988e+00 | 7.57e+04 | 1.20e-04 | 0.00e+00 |
| 2168  |170877 | 7494  | -2.4988e+00 | 7.57e+04 | 1.21e-04 | 0.00e+00 |
| 2169  |170956 | 7495  | -2.4988e+00 | 7.57e+04 | 1.22e-04 | 0.00e+00 |
| 2170  |171035 | 7496  | -2.4989e+00 | 7.57e+04 | 1.23e-04 | 0.00e+00 |
| 2171  |171114 | 7497  | -2.4989e+00 | 7.57e+04 | 1.25e-04 | 0.00e+00 |
| 2172  |171193 | 7498  | -2.4990e+00 | 7.57e+04 | 1.26e-04 | 0.00e+00 |
| 2173  |171272 | 7499  | -2.4990e+00 | 7.57e+04 | 1.27e-04 | 0.00e+00 |
| 2174  |171351 | 7500  | -2.4991e+00 | 7.57e+04 | 1.29e-04 | 0.00e+00 |
| 2175  |171430 | 7501  | -2.4991e+00 | 7.57e+04 | 1.30e-04 | 0.00e+00 |
| 2176  |171509 | 7502  | -2.4992e+00 | 7.57e+04 | 1.31e-04 | 0.00e+00 |
| 2177  |171588 | 7503  | -2.4992e+00 | 7.57e+04 | 1.33e-04 | 0.00e+00 |
| 2178  |171667 | 7504  | -2.4993e+00 | 7.57e+04 | 1.34e-04 | 0.00e+00 |
| 2179  |171746 | 7505  | -2.4994e+00 | 7.57e+04 | 1.35e-04 | 0.00e+00 |
| 2180  |171825 | 7506  | -2.4994e+00 | 7.57e+04 | 1.37e-04 | 0.00e+00 |
| 2181  |171904 | 7507  | -2.4995e+00 | 7.57e+04 | 1.38e-04 | 0.00e+00 |
| 2182  |171983 | 7508  | -2.4995e+00 | 7.57e+04 | 1.39e-04 | 0.00e+00 |
| 2183  |172062 | 7509  | -2.4996e+00 | 7.57e+04 | 1.41e-04 | 0.00e+00 |
| 2184  |172141 | 7510  | -2.4996e+00 | 7.57e+04 | 1.42e-04 | 0.00e+00 |
| 2185  |172220 | 7511  | -2.4997e+00 | 7.57e+04 | 1.43e-04 | 0.00e+00 |
| 2186  |172299 | 7512  | -2.4998e+00 | 7.57e+04 | 1.45e-04 | 0.00e+00 |
| 2187  |172378 | 7513  | -2.4998e+00 | 7.57e+04 | 1.46e-04 | 0.00e+00 |
| 2188  |172457 | 7514  | -2.4999e+00 | 7.57e+04 | 1.47e-04 | 0.00e+00 |
| 2189  |172536 | 7515  | -2.5000e+00 | 7.57e+04 | 1.49e-04 | 0.00e+00 |
| 2190  |172615 | 7516  | -2.5000e+00 | 7.57e+04 | 1.50e-04 | 0.00e+00 |
| 2191  |172694 | 7517  | -2.5001e+00 | 7.57e+04 | 1.51e-04 | 0.00e+00 |
| 2192  |172773 | 7518  | -2.5002e+00 | 7.57e+04 | 1.52e-04 | 0.00e+00 |
| 2193  |172852 | 7519  | -2.5002e+00 | 7.57e+04 | 1.54e-04 | 0.00e+00 |
| 2194  |172931 | 7520  | -2.5003e+00 | 7.57e+04 | 1.55e-04 | 0.00e+00 |
| 2195  |173010 | 7521  | -2.5004e+00 | 7.57e+04 | 1.56e-04 | 0.00e+00 |
| 2196  |173089 | 7522  | -2.5004e+00 | 7.57e+04 | 1.58e-04 | 0.00e+00 |
| 2197  |173168 | 7523  | -2.5005e+00 | 7.57e+04 | 1.59e-04 | 0.00e+00 |
| 2198  |173247 | 7524  | -2.5006e+00 | 7.57e+04 | 1.60e-04 | 0.00e+00 |
| 2199  |173326 | 7525  | -2.5007e+00 | 7.57e+04 | 1.61e-04 | 0.00e+00 |
| 2200  |173405 | 7526  | -2.5007e+00 | 7.57e+04 | 1.63e-04 | 0.00e+00 |
| 2201  |173484 | 7527  | -2.5008e+00 | 7.57e+04 | 1.64e-04 | 0.00e+00 |
| 2202  |173563 | 7528  | -2.5009e+00 | 7.57e+04 | 1.65e-04 | 0.00e+00 |
| 2203  |173642 | 7529  | -2.5010e+00 | 7.57e+04 | 1.66e-04 | 0.00e+00 |
| 2204  |173721 | 7530  | -2.5011e+00 | 7.57e+04 | 1.68e-04 | 0.00e+00 |
| 2205  |173800 | 7531  | -2.5012e+00 | 7.57e+04 | 1.69e-04 | 0.00e+00 |
| 2206  |173879 | 7532  | -2.5012e+00 | 7.57e+04 | 1.70e-04 | 0.00e+00 |
| 2207  |173958 | 7533  | -2.5013e+00 | 7.57e+04 | 1.71e-04 | 0.00e+00 |
| 2208  |174037 | 7534  | -2.5014e+00 | 7.57e+04 | 1.72e-04 | 0.00e+00 |
| 2209  |174116 | 7535  | -2.5015e+00 | 7.57e+04 | 1.73e-04 | 0.00e+00 |
| 2210  |174195 | 7536  | -2.5016e+00 | 7.57e+04 | 1.74e-04 | 0.00e+00 |
| 2211  |174274 | 7537  | -2.5017e+00 | 7.57e+04 | 1.75e-04 | 0.00e+00 |
| 2212  |174353 | 7538  | -2.5018e+00 | 7.57e+04 | 1.76e-04 | 0.00e+00 |
| 2213  |174432 | 7539  | -2.5019e+00 | 7.57e+04 | 1.78e-04 | 0.00e+00 |
| 2214  |174511 | 7540  | -2.5020e+00 | 7.57e+04 | 1.79e-04 | 0.00e+00 |
| 2215  |174590 | 7541  | -2.5021e+00 | 7.57e+04 | 1.79e-04 | 0.00e+00 |
| 2216  |174669 | 7542  | -2.5022e+00 | 7.57e+04 | 1.80e-04 | 0.00e+00 |
| 2217  |174748 | 7543  | -2.5023e+00 | 7.57e+04 | 1.81e-04 | 0.00e+00 |
| 2218  |174827 | 7544  | -2.5024e+00 | 7.57e+04 | 1.82e-04 | 0.00e+00 |
| 2219  |174906 | 7545  | -2.5025e+00 | 7.57e+04 | 1.83e-04 | 0.00e+00 |
| 2220  |174985 | 7546  | -2.5026e+00 | 7.57e+04 | 1.84e-04 | 0.00e+00 |
| 2221  |175064 | 7547  | -2.5027e+00 | 7.57e+04 | 1.85e-04 | 0.00e+00 |
| 2222  |175143 | 7548  | -2.5028e+00 | 7.57e+04 | 1.86e-04 | 0.00e+00 |
| 2223  |175222 | 7549  | -2.5030e+00 | 7.57e+04 | 1.86e-04 | 0.00e+00 |
| 2224  |175301 | 7550  | -2.5031e+00 | 7.57e+04 | 1.87e-04 | 0.00e+00 |
| 2225  |175380 | 7551  | -2.5032e+00 | 7.57e+04 | 1.88e-04 | 0.00e+00 |
| 2226  |175459 | 7552  | -2.5033e+00 | 7.57e+04 | 1.88e-04 | 0.00e+00 |
| 2227  |175538 | 7553  | -2.5034e+00 | 7.57e+04 | 1.89e-04 | 0.00e+00 |
| 2228  |175617 | 7554  | -2.5036e+00 | 7.57e+04 | 1.89e-04 | 0.00e+00 |
| 2229  |175696 | 7555  | -2.5037e+00 | 7.57e+04 | 1.90e-04 | 0.00e+00 |
| 2230  |175775 | 7556  | -2.5038e+00 | 7.57e+04 | 1.90e-04 | 0.00e+00 |
| 2231  |175854 | 7557  | -2.5039e+00 | 7.57e+04 | 1.91e-04 | 0.00e+00 |
| 2232  |175933 | 7558  | -2.5041e+00 | 7.57e+04 | 1.91e-04 | 0.00e+00 |
| 2233  |176012 | 7559  | -2.5042e+00 | 7.57e+04 | 1.91e-04 | 0.00e+00 |
| 2234  |176091 | 7560  | -2.5043e+00 | 7.57e+04 | 1.92e-04 | 0.00e+00 |
| 2235  |176170 | 7561  | -2.5045e+00 | 7.57e+04 | 1.92e-04 | 0.00e+00 |
| 2236  |176249 | 7562  | -2.5046e+00 | 7.57e+04 | 1.92e-04 | 0.00e+00 |
| 2237  |176328 | 7563  | -2.5048e+00 | 7.57e+04 | 1.92e-04 | 0.00e+00 |
| 2238  |176407 | 7564  | -2.5049e+00 | 7.57e+04 | 1.92e-04 | 0.00e+00 |
| 2239  |176486 | 7565  | -2.5051e+00 | 7.57e+04 | 1.92e-04 | 0.00e+00 |
| 2240  |176565 | 7566  | -2.5052e+00 | 7.57e+04 | 1.92e-04 | 0.00e+00 |
| 2241  |176644 | 7567  | -2.5054e+00 | 7.57e+04 | 1.92e-04 | 0.00e+00 |
| 2242  |176723 | 7568  | -2.5055e+00 | 7.57e+04 | 1.92e-04 | 0.00e+00 |
| 2243  |176802 | 7569  | -2.5057e+00 | 7.57e+04 | 1.91e-04 | 0.00e+00 |
| 2244  |176881 | 7570  | -2.5059e+00 | 7.57e+04 | 1.91e-04 | 0.00e+00 |
| 2245  |176960 | 7571  | -2.5060e+00 | 7.57e+04 | 1.90e-04 | 0.00e+00 |
| 2246  |177039 | 7572  | -2.5062e+00 | 7.57e+04 | 1.90e-04 | 0.00e+00 |
| 2247  |177118 | 7573  | -2.5064e+00 | 7.57e+04 | 1.89e-04 | 0.00e+00 |
| 2248  |177197 | 7574  | -2.5065e+00 | 7.57e+04 | 1.88e-04 | 0.00e+00 |
| 2249  |177276 | 7575  | -2.5067e+00 | 7.57e+04 | 1.88e-04 | 0.00e+00 |
| 2250  |177355 | 7576  | -2.5069e+00 | 7.57e+04 | 1.87e-04 | 0.00e+00 |
| 2251  |177434 | 7577  | -2.5071e+00 | 7.57e+04 | 1.86e-04 | 0.00e+00 |
| 2252  |177513 | 7578  | -2.5073e+00 | 7.57e+04 | 1.85e-04 | 0.00e+00 |
| 2253  |177592 | 7579  | -2.5075e+00 | 7.57e+04 | 1.84e-04 | 0.00e+00 |
| 2254  |177671 | 7580  | -2.5077e+00 | 7.57e+04 | 1.82e-04 | 0.00e+00 |
| 2255  |177750 | 7581  | -2.5078e+00 | 7.57e+04 | 1.81e-04 | 0.00e+00 |
| 2256  |177829 | 7582  | -2.5080e+00 | 7.57e+04 | 1.79e-04 | 0.00e+00 |
| 2257  |177908 | 7583  | -2.5082e+00 | 7.57e+04 | 1.78e-04 | 0.00e+00 |
| 2258  |177987 | 7584  | -2.5085e+00 | 7.57e+04 | 1.76e-04 | 0.00e+00 |
| 2259  |178066 | 7585  | -2.5087e+00 | 7.57e+04 | 1.74e-04 | 0.00e+00 |
| 2260  |178145 | 7586  | -2.5089e+00 | 7.57e+04 | 1.72e-04 | 0.00e+00 |
| 2261  |178224 | 7587  | -2.5091e+00 | 7.57e+04 | 1.70e-04 | 0.00e+00 |
| 2262  |178303 | 7588  | -2.5093e+00 | 7.57e+04 | 1.68e-04 | 0.00e+00 |
| 2263  |178382 | 7589  | -2.5095e+00 | 7.57e+04 | 1.66e-04 | 0.00e+00 |
| 2264  |178461 | 7590  | -2.5098e+00 | 7.57e+04 | 1.64e-04 | 0.00e+00 |
| 2265  |178540 | 7591  | -2.5100e+00 | 7.57e+04 | 1.61e-04 | 0.00e+00 |
| 2266  |178619 | 7592  | -2.5102e+00 | 7.57e+04 | 1.59e-04 | 0.00e+00 |
| 2267  |178698 | 7593  | -2.5105e+00 | 7.57e+04 | 1.56e-04 | 0.00e+00 |
| 2268  |178777 | 7594  | -2.5107e+00 | 7.57e+04 | 1.53e-04 | 0.00e+00 |
| 2269  |178856 | 7595  | -2.5110e+00 | 7.57e+04 | 1.50e-04 | 0.00e+00 |
| 2270  |178935 | 7596  | -2.5112e+00 | 7.57e+04 | 1.47e-04 | 0.00e+00 |
| 2271  |179014 | 7597  | -2.5115e+00 | 7.57e+04 | 1.44e-04 | 0.00e+00 |
| 2272  |179093 | 7598  | -2.5117e+00 | 7.57e+04 | 1.40e-04 | 0.00e+00 |
| 2273  |179172 | 7599  | -2.5120e+00 | 7.57e+04 | 1.37e-04 | 0.00e+00 |
| 2274  |179251 | 7600  | -2.5122e+00 | 7.57e+04 | 1.33e-04 | 0.00e+00 |
| 2275  |179330 | 7601  | -2.5125e+00 | 7.57e+04 | 1.30e-04 | 0.00e+00 |
| 2276  |179409 | 7602  | -2.5128e+00 | 7.57e+04 | 1.26e-04 | 0.00e+00 |
| 2277  |179488 | 7603  | -2.5131e+00 | 7.57e+04 | 1.22e-04 | 0.00e+00 |
| 2278  |179567 | 7604  | -2.5134e+00 | 7.57e+04 | 1.18e-04 | 0.00e+00 |
| 2279  |179646 | 7605  | -2.5136e+00 | 7.57e+04 | 1.13e-04 | 0.00e+00 |
| 2280  |179725 | 7606  | -2.5139e+00 | 7.57e+04 | 1.09e-04 | 0.00e+00 |
| 2281  |179804 | 7607  | -2.5142e+00 | 7.57e+04 | 1.05e-04 | 0.00e+00 |
| 2282  |179883 | 7608  | -2.5145e+00 | 7.57e+04 | 1.00e-04 | 0.00e+00 |
| 2283  |179962 | 7609  | -2.5148e+00 | 7.57e+04 | 9.55e-05 | 0.00e+00 |
| 2284  |180041 | 7610  | -2.5152e+00 | 7.57e+04 | 9.08e-05 | 0.00e+00 |
| 2285  |180120 | 7611  | -2.5155e+00 | 7.57e+04 | 8.60e-05 | 0.00e+00 |
| 2286  |180199 | 7612  | -2.5158e+00 | 7.57e+04 | 8.12e-05 | 0.00e+00 |
| 2287  |180278 | 7613  | -2.5161e+00 | 7.57e+04 | 7.63e-05 | 0.00e+00 |
| 2288  |180357 | 7614  | -2.5165e+00 | 7.57e+04 | 7.13e-05 | 0.00e+00 |
| 2289  |180436 | 7615  | -2.5168e+00 | 7.57e+04 | 6.64e-05 | 0.00e+00 |
| 2290  |180515 | 7616  | -2.5171e+00 | 7.57e+04 | 6.14e-05 | 0.00e+00 |
| 2291  |180594 | 7617  | -2.5175e+00 | 7.57e+04 | 5.65e-05 | 0.00e+00 |
| 2292  |180673 | 7618  | -2.5178e+00 | 7.57e+04 | 5.16e-05 | 0.00e+00 |
| 2293  |180752 | 7619  | -2.5182e+00 | 7.57e+04 | 4.68e-05 | 0.00e+00 |
| 2294  |180831 | 7620  | -2.5185e+00 | 7.57e+04 | 4.21e-05 | 0.00e+00 |
| 2295  |180910 | 7621  | -2.5189e+00 | 7.57e+04 | 3.74e-05 | 0.00e+00 |
| 2296  |180989 | 7622  | -2.5192e+00 | 7.57e+04 | 3.30e-05 | 0.00e+00 |
| 2297  |181068 | 7623  | -2.5196e+00 | 7.57e+04 | 2.87e-05 | 0.00e+00 |
| 2298  |181147 | 7624  | -2.5200e+00 | 7.57e+04 | 2.46e-05 | 0.00e+00 |
| 2299  |181226 | 7625  | -2.5203e+00 | 7.57e+04 | 2.07e-05 | 0.00e+00 |
| 2300  |181305 | 7626  | -2.5207e+00 | 7.57e+04 | 1.71e-05 | 0.00e+00 |
| 2301  |181384 | 7627  | -2.5211e+00 | 7.57e+04 | 1.39e-05 | 0.00e+00 |
| 2302  |181463 | 7628  | -2.5214e+00 | 7.57e+04 | 1.10e-05 | 0.00e+00 |
| 2303  |181542 | 7629  | -2.5218e+00 | 7.57e+04 | 8.42e-06 | 0.00e+00 |
| 2304  |181621 | 7630  | -2.5222e+00 | 7.57e+04 | 6.27e-06 | 0.00e+00 |
| 2305  |181700 | 7631  | -2.5225e+00 | 7.57e+04 | 4.54e-06 | 0.00e+00 |
| 2306  |181779 | 7632  | -2.5229e+00 | 7.57e+04 | 3.25e-06 | 0.00e+00 |
| 2307  |181858 | 7633  | -2.5232e+00 | 7.57e+04 | 2.36e-06 | 0.00e+00 |
| 2308  |181937 | 7635  | -2.5235e+00 | 7.57e+04 | 1.49e-06 | 0.00e+00 |
| 2309  |182016 | 7637  | -2.5239e+00 | 7.57e+04 | 1.02e-06 | 0.00e+00 |
| 2310  |182095 | 7639  | -2.5242e+00 | 7.57e+04 | 8.28e-07 | 0.00e+00 |
| 2311  |182174 | 7642  | -2.5245e+00 | 7.57e+04 | 7.61e-07 | 0.00e+00 |
| 2312  |182253 | 7645  | -2.5248e+00 | 7.57e+04 | 8.03e-07 | 0.00e+00 |
| 2313  |182332 | 7647  | -2.5250e+00 | 7.57e+04 | 9.56e-07 | 0.00e+00 |
| 2314  |182411 | 7648  | -2.5252e+00 | 7.57e+04 | 1.23e-06 | 0.00e+00 |
| 2315  |182490 | 7649  | -2.5254e+00 | 7.57e+04 | 1.55e-06 | 0.00e+00 |
| 2316  |182569 | 7651  | -2.5256e+00 | 7.57e+04 | 1.95e-06 | 0.00e+00 |
| 2317  |182648 | 7652  | -2.5258e+00 | 7.57e+04 | 2.43e-06 | 0.00e+00 |
| 2318  |182727 | 7653  | -2.5260e+00 | 7.57e+04 | 2.98e-06 | 0.00e+00 |
| 2319  |182806 | 7654  | -2.5262e+00 | 7.57e+04 | 3.61e-06 | 0.00e+00 |
| 2320  |182885 | 7655  | -2.5263e+00 | 7.57e+04 | 4.31e-06 | 0.00e+00 |
| 2321  |182964 | 7656  | -2.5265e+00 | 7.57e+04 | 5.07e-06 | 0.00e+00 |
| 2322  |183043 | 7657  | -2.5267e+00 | 7.57e+04 | 5.91e-06 | 0.00e+00 |
| 2323  |183122 | 7658  | -2.5269e+00 | 7.57e+04 | 6.81e-06 | 0.00e+00 |
| 2324  |183201 | 7659  | -2.5271e+00 | 7.57e+04 | 7.77e-06 | 0.00e+00 |
| 2325  |183280 | 7660  | -2.5273e+00 | 7.57e+04 | 8.78e-06 | 0.00e+00 |
| 2326  |183359 | 7661  | -2.5275e+00 | 7.57e+04 | 9.83e-06 | 0.00e+00 |
| 2327  |183438 | 7662  | -2.5278e+00 | 7.57e+04 | 1.09e-05 | 0.00e+00 |
| 2328  |183517 | 7663  | -2.5280e+00 | 7.57e+04 | 1.20e-05 | 0.00e+00 |
| 2329  |183596 | 7664  | -2.5282e+00 | 7.57e+04 | 1.30e-05 | 0.00e+00 |
| 2330  |183675 | 7665  | -2.5284e+00 | 7.57e+04 | 1.40e-05 | 0.00e+00 |
| 2331  |183754 | 7666  | -2.5287e+00 | 7.57e+04 | 1.49e-05 | 0.00e+00 |
| 2332  |183833 | 7667  | -2.5289e+00 | 7.57e+04 | 1.56e-05 | 0.00e+00 |
| 2333  |183912 | 7668  | -2.5291e+00 | 7.57e+04 | 1.62e-05 | 0.00e+00 |
| 2334  |183991 | 7669  | -2.5294e+00 | 7.57e+04 | 1.66e-05 | 0.00e+00 |
| 2335  |184070 | 7670  | -2.5297e+00 | 7.57e+04 | 1.66e-05 | 0.00e+00 |
| 2336  |184149 | 7671  | -2.5299e+00 | 7.57e+04 | 1.65e-05 | 0.00e+00 |
| 2337  |184228 | 7672  | -2.5302e+00 | 7.57e+04 | 1.59e-05 | 0.00e+00 |
| 2338  |184307 | 7673  | -2.5305e+00 | 7.57e+04 | 1.51e-05 | 0.00e+00 |
| 2339  |184386 | 7674  | -2.5308e+00 | 7.57e+04 | 1.40e-05 | 0.00e+00 |
| 2340  |184465 | 7675  | -2.5311e+00 | 7.57e+04 | 1.27e-05 | 0.00e+00 |
| 2341  |184544 | 7676  | -2.5314e+00 | 7.57e+04 | 1.12e-05 | 0.00e+00 |
| 2342  |184623 | 7677  | -2.5317e+00 | 7.57e+04 | 9.63e-06 | 0.00e+00 |
| 2343  |184702 | 7678  | -2.5321e+00 | 7.57e+04 | 8.15e-06 | 0.00e+00 |
| 2344  |184781 | 7679  | -2.5324e+00 | 7.57e+04 | 7.41e-06 | 0.00e+00 |
| 2345  |184860 | 7680  | -2.5327e+00 | 7.57e+04 | 7.11e-06 | 0.00e+00 |
| 2346  |184939 | 7682  | -2.5330e+00 | 7.57e+04 | 6.86e-06 | 0.00e+00 |
| 2347  |185018 | 7684  | -2.5333e+00 | 7.57e+04 | 6.52e-06 | 0.00e+00 |
| 2348  |185097 | 7686  | -2.5336e+00 | 7.57e+04 | 6.14e-06 | 0.00e+00 |
| 2349  |185176 | 7688  | -2.5339e+00 | 7.57e+04 | 5.69e-06 | 0.00e+00 |
| 2350  |185255 | 7690  | -2.5341e+00 | 7.57e+04 | 5.10e-06 | 0.00e+00 |
| 2351  |185334 | 7691  | -2.5342e+00 | 7.57e+04 | 4.41e-06 | 0.00e+00 |
| 2352  |185413 | 7692  | -2.5343e+00 | 7.57e+04 | 3.76e-06 | 0.00e+00 |
| 2353  |185492 | 7695  | -2.5345e+00 | 7.57e+04 | 3.28e-06 | 0.00e+00 |
| 2354  |185571 | 7697  | -2.5346e+00 | 7.57e+04 | 2.64e-06 | 0.00e+00 |
| 2355  |185650 | 7699  | -2.5347e+00 | 7.57e+04 | 2.07e-06 | 0.00e+00 |
| 2356  |185729 | 7701  | -2.5349e+00 | 7.57e+04 | 1.57e-06 | 0.00e+00 |
| 2357  |185808 | 7703  | -2.5350e+00 | 7.57e+04 | 1.17e-06 | 0.00e+00 |
| 2358  |185887 | 7705  | -2.5351e+00 | 7.57e+04 | 9.18e-07 | 0.00e+00 |
| 2359  |185966 | 7707  | -2.5352e+00 | 7.57e+04 | 8.74e-07 | 0.00e+00 |
| 2360  |186045 | 7709  | -2.5353e+00 | 7.57e+04 | 8.99e-07 | 0.00e+00 |
| 2361  |186124 | 7711  | -2.5354e+00 | 7.57e+04 | 9.10e-07 | 0.00e+00 |
| 2362  |186203 | 7713  | -2.5355e+00 | 7.57e+04 | 9.10e-07 | 0.00e+00 |
| 2363  |186282 | 7714  | -2.5356e+00 | 7.57e+04 | 8.36e-07 | 0.00e+00 |
| 2364  |186361 | 7715  | -2.5356e+00 | 7.57e+04 | 7.64e-07 | 0.00e+00 |
| 2365  |186440 | 7716  | -2.5356e+00 | 7.57e+04 | 6.94e-07 | 0.00e+00 |
| 2366  |186519 | 7717  | -2.5356e+00 | 7.57e+04 | 6.27e-07 | 0.00e+00 |
| 2367  |186598 | 7718  | -2.5356e+00 | 7.57e+04 | 5.63e-07 | 0.00e+00 |
| 2368  |186677 | 7720  | -2.5357e+00 | 7.57e+04 | 5.50e-07 | 0.00e+00 |
| 2369  |186756 | 7721  | -2.5357e+00 | 7.57e+04 | 4.91e-07 | 0.00e+00 |
| 2370  |186835 | 7722  | -2.5357e+00 | 7.57e+04 | 4.34e-07 | 0.00e+00 |
| 2371  |186914 | 7723  | -2.5357e+00 | 7.57e+04 | 3.81e-07 | 0.00e+00 |
| 2372  |186993 | 7724  | -2.5358e+00 | 7.57e+04 | 3.31e-07 | 0.00e+00 |
| 2373  |187072 | 7725  | -2.5358e+00 | 7.57e+04 | 2.85e-07 | 0.00e+00 |
| 2374  |187151 | 7727  | -2.5358e+00 | 7.57e+04 | 2.70e-07 | 0.00e+00 |
| 2375  |187230 | 7728  | -2.5358e+00 | 7.57e+04 | 2.29e-07 | 0.00e+00 |
| 2376  |187309 | 7729  | -2.5358e+00 | 7.57e+04 | 1.92e-07 | 0.00e+00 |
| 2377  |187388 | 7730  | -2.5359e+00 | 7.57e+04 | 1.59e-07 | 0.00e+00 |
| 2378  |187467 | 7731  | -2.5359e+00 | 7.57e+04 | 1.30e-07 | 0.00e+00 |
| 2379  |187546 | 7734  | -2.5359e+00 | 7.57e+04 | 1.18e-07 | 0.00e+00 |
| 2380  |187625 | 7735  | -2.5359e+00 | 7.57e+04 | 9.47e-08 | 0.00e+00 |
| 2381  |187704 | 7736  | -2.5359e+00 | 7.57e+04 | 7.66e-08 | 0.00e+00 |
| 2382  |187783 | 7737  | -2.5359e+00 | 7.57e+04 | 6.23e-08 | 0.00e+00 |
| 2383  |187862 | 7738  | -2.5360e+00 | 7.57e+04 | 5.06e-08 | 0.00e+00 |
| 2384  |187941 | 7739  | -2.5360e+00 | 7.57e+04 | 4.13e-08 | 0.00e+00 |
| 2385  |188020 | 7740  | -2.5360e+00 | 7.57e+04 | 3.42e-08 | 0.00e+00 |
| 2386  |188099 | 7741  | -2.5360e+00 | 7.57e+04 | 2.90e-08 | 0.00e+00 |
| 2387  |188099 | 7741  | -2.5360e+00 | 3.78e+05 | 2.88e-08 | 0.00e+00 |
| 2388  |188178 | 7744  | -2.5376e+00 | 3.78e+05 | 9.74e-09 | 0.00e+00 |
| 2389  |188257 | 7748  | -2.5379e+00 | 3.78e+05 | 3.17e-09 | 0.00e+00 |
| 2390  |188336 | 7751  | -2.5379e+00 | 3.78e+05 | 8.45e-10 | 0.00e+00 |

`gtol` termination condition is satisfied.
Number of iterations: 2390, function evaluations: 188336, CG iterations: 7751, optimality: 8.45e-10, constraint violation: 0.00e+00, execution time: 5e+02 s.
